draft_model,prefill,budget,acceptance_rate,avg_accepted_tokens
1.1b,1000,-1.0,0.5833333333333334,2.3333333333333335
1.1b,1000,-1.0,0.5,2.0
1.1b,2000,-1.0,0.42333333333333334,1.6933333333333334
1.1b,2000,-1.0,0.30494505494505497,1.2197802197802199
1.1b,3000,-1.0,0.3734567901234568,1.4938271604938271
1.1b,3000,-1.0,0.4090909090909091,1.6363636363636365
1.1b,4000,-1.0,0.32386363636363635,1.2954545454545454
1.1b,4000,-1.0,0.34523809523809523,1.380952380952381
1.1b,1000,-1.0,0.5875,2.35
1.1b,1000,-1.0,0.5819672131147541,2.3278688524590163
1.1b,1000,-1.0,0.5645161290322581,2.2580645161290325
1.1b,1000,-1.0,0.42567567567567566,1.7027027027027026
1.1b,1000,-1.0,0.46785714285714286,1.8714285714285714
7b,1000,0.1,0.4889705882352941,1.9558823529411764
1.1b,1000,-1.0,0.5515873015873016,2.2063492063492065
1.1b,1000,-1.0,0.45422535211267606,1.8169014084507042
7b,1000,0.1,0.37037037037037035,1.4814814814814814
1.1b,1000,-1.0,0.4746376811594203,1.8985507246376812
7b,1000,0.1,0.4642857142857143,1.8571428571428572
1.1b,1000,-1.0,0.5833333333333334,2.3333333333333335
1.1b,1000,-1.0,0.936046511627907,3.744186046511628
7b,1000,0.1,0.3482142857142857,1.3928571428571428
1.1b,1000,-1.0,0.4746376811594203,1.8985507246376812
7b,1000,0.1,0.4785714285714286,1.9142857142857144
1.1b,1000,-1.0,0.5725806451612904,2.2903225806451615
7b,1000,0.1,0.5476190476190477,2.1904761904761907
1.1b,1000,-1.0,0.46830985915492956,1.8732394366197183
1.1b,1000,-1.0,0.5833333333333334,2.3333333333333335
7b,1000,0.1,0.42567567567567566,1.7027027027027026
1.1b,1000,-1.0,0.6163793103448276,2.4655172413793105
7b,1000,0.1,0.3765432098765432,1.5061728395061729
1.1b,1000,-1.0,0.5230769230769231,2.0923076923076924
1.1b,1000,-1.0,0.6898148148148148,2.759259259259259
7b,1000,0.1,0.4647887323943662,1.8591549295774648
1.1b,1000,-1.0,0.4358108108108108,1.7432432432432432
7b,1000,0.1,0.35119047619047616,1.4047619047619047
1.1b,1000,-1.0,0.5476190476190477,2.1904761904761907
7b,1000,0.1,0.4852941176470588,1.9411764705882353
1.1b,1000,-1.0,0.4513888888888889,1.8055555555555556
1.1b,1000,-1.0,0.5916666666666667,2.3666666666666667
7b,1000,0.1,0.4358108108108108,1.7432432432432432
1.1b,1000,-1.0,0.4889705882352941,1.9558823529411764
7b,1000,0.1,0.5075757575757576,2.0303030303030303
1.1b,1000,-1.0,0.7352941176470589,2.9411764705882355
1.1b,1000,-1.0,0.5595238095238095,2.238095238095238
7b,1000,0.1,0.4025974025974026,1.6103896103896105
1.1b,1000,-1.0,0.5685483870967742,2.274193548387097
7b,1000,0.1,0.37037037037037035,1.4814814814814814
1.1b,1000,-1.0,0.4852941176470588,1.9411764705882353
1.1b,1000,-1.0,0.45774647887323944,1.8309859154929577
7b,1000,0.1,0.34705882352941175,1.388235294117647
1.1b,1000,-1.0,0.7908163265306123,3.163265306122449
7b,1000,0.1,0.4855072463768116,1.9420289855072463
1.1b,1000,-1.0,0.5436507936507936,2.1746031746031744
7b,1000,0.1,0.4349315068493151,1.7397260273972603
1.1b,1000,-1.0,0.4025974025974026,1.6103896103896105
1.1b,1000,-1.0,0.5075757575757576,2.0303030303030303
7b,1000,0.1,0.48188405797101447,1.9275362318840579
1.1b,1000,-1.0,0.4612676056338028,1.8450704225352113
7b,1000,0.1,0.4852941176470588,1.9411764705882353
1.1b,1000,-1.0,0.5269230769230769,2.1076923076923078
7b,1000,0.1,0.3597560975609756,1.4390243902439024
1.1b,1000,-1.0,0.41233766233766234,1.6493506493506493
7b,1000,0.1,0.4642857142857143,1.8571428571428572
1.1b,1000,-1.0,0.5113636363636364,2.0454545454545454
1.1b,1000,-1.0,0.8586956521739131,3.4347826086956523
7b,1000,0.1,0.5564516129032258,2.225806451612903
1.1b,1000,-1.0,0.5860655737704918,2.3442622950819674
7b,1000,0.1,0.45422535211267606,1.8169014084507042
1.1b,1000,-1.0,0.5645161290322581,2.2580645161290325
1.1b,1000,-1.0,0.5555555555555556,2.2222222222222223
7b,1000,0.1,0.5685483870967742,2.274193548387097
1.1b,1000,-1.0,0.5346153846153846,2.1384615384615384
7b,1000,0.1,0.4746376811594203,1.8985507246376812
1.1b,1000,-1.0,0.6120689655172413,2.4482758620689653
7b,1000,0.1,0.5645161290322581,2.2580645161290325
1.1b,1000,-1.0,0.5075757575757576,2.0303030303030303
7b,1000,0.1,0.7401960784313726,2.9607843137254903
1.1b,1000,-1.0,0.5192307692307693,2.076923076923077
7b,1000,0.1,0.5227272727272727,2.090909090909091
1.1b,1000,-1.0,0.43,1.72
1.1b,1000,-1.0,0.4479166666666667,1.7916666666666667
7b,1000,0.1,0.4025974025974026,1.6103896103896105
1.1b,1000,-1.0,0.6981132075471698,2.792452830188679
7b,1000,0.1,0.41776315789473684,1.6710526315789473
1.1b,1000,-1.0,0.53125,2.125
1.1b,1000,-1.0,0.4852941176470588,1.9411764705882353
7b,1000,0.1,0.4782608695652174,1.9130434782608696
1.1b,1000,-1.0,0.5778688524590164,2.3114754098360657
7b,1000,0.1,0.43243243243243246,1.7297297297297298
1.1b,1000,-1.0,0.6359649122807017,2.543859649122807
1.1b,1000,-1.0,0.8532608695652174,3.4130434782608696
7b,1000,0.1,0.45422535211267606,1.8169014084507042
1.1b,1000,-1.0,0.5436507936507936,2.1746031746031744
7b,1000,0.1,0.5269230769230769,2.1076923076923078
1.1b,1000,-1.0,0.5230769230769231,2.0923076923076924
7b,1000,0.1,0.391025641025641,1.564102564102564
1.1b,1000,-1.0,0.4642857142857143,1.8571428571428572
1.1b,1000,-1.0,0.5111940298507462,2.044776119402985
7b,1000,0.1,0.5476190476190477,2.1904761904761907
1.1b,1000,-1.0,0.6590909090909091,2.6363636363636362
7b,1000,0.1,0.5860655737704918,2.3442622950819674
1.1b,1000,-1.0,0.6,2.4
1.1b,1000,-1.0,0.5476190476190477,2.1904761904761907
7b,1000,0.1,0.32386363636363635,1.2954545454545454
1.1b,1000,-1.0,0.8478260869565217,3.391304347826087
7b,1000,0.1,0.4548611111111111,1.8194444444444444
1.1b,1000,-1.0,0.5875,2.35
7b,1000,0.1,0.7028301886792453,2.811320754716981
1.1b,1000,-1.0,0.40789473684210525,1.631578947368421
1.1b,1000,-1.0,0.7352941176470589,2.9411764705882355
7b,1000,0.1,0.4746376811594203,1.8985507246376812
1.1b,1000,-1.0,0.4383561643835616,1.7534246575342465
7b,1000,0.1,0.4962686567164179,1.9850746268656716
1.1b,1000,-1.0,0.4358108108108108,1.7432432432432432
1.1b,1000,-1.0,0.8125,3.25
7b,1000,0.1,0.2602040816326531,1.0408163265306123
1.1b,1000,-1.0,0.4855072463768116,1.9420289855072463
7b,1000,0.1,0.4479166666666667,1.7916666666666667
1.1b,1000,-1.0,0.6759259259259259,2.7037037037037037
7b,1000,0.1,0.5819672131147541,2.3278688524590163
1.1b,1000,-1.0,0.6359649122807017,2.543859649122807
1.1b,1000,-1.0,0.5,2.0
7b,1000,0.1,0.41118421052631576,1.644736842105263
1.1b,1000,-1.0,0.5436507936507936,2.1746031746031744
7b,1000,0.1,0.4642857142857143,1.8571428571428572
1.1b,1000,-1.0,0.7401960784313726,2.9607843137254903
1.1b,1000,-1.0,0.4855072463768116,1.9420289855072463
7b,1000,0.1,0.5230769230769231,2.0923076923076924
1.1b,1000,-1.0,0.6607142857142857,2.642857142857143
7b,1000,0.1,0.6636363636363637,2.6545454545454548
1.1b,1000,-1.0,0.6163793103448276,2.4655172413793105
7b,1000,0.1,0.5645161290322581,2.2580645161290325
1.1b,1000,-1.0,0.569672131147541,2.278688524590164
7b,1000,0.1,0.4479166666666667,1.7916666666666667
1.1b,1000,-1.0,0.48188405797101447,1.9275362318840579
1.1b,1000,-1.0,0.6101694915254238,2.440677966101695
7b,1000,0.1,0.5595238095238095,2.238095238095238
1.1b,1000,-1.0,0.824468085106383,3.297872340425532
7b,1000,0.1,0.597457627118644,2.389830508474576
1.1b,1000,-1.0,0.4962686567164179,1.9850746268656716
7b,1000,0.1,0.4349315068493151,1.7397260273972603
1.1b,1000,-1.0,0.5604838709677419,2.2419354838709675
1.1b,1000,-1.0,0.4889705882352941,1.9558823529411764
7b,1000,0.1,0.4349315068493151,1.7397260273972603
1.1b,1000,-1.0,0.6359649122807017,2.543859649122807
1.1b,1000,-1.0,0.6727272727272727,2.690909090909091
7b,1000,0.1,0.2602040816326531,1.0408163265306123
1.1b,1000,-1.0,0.48188405797101447,1.9275362318840579
7b,1000,0.1,0.4548611111111111,1.8194444444444444
1.1b,1000,-1.0,0.569672131147541,2.278688524590164
7b,1000,0.1,0.6271929824561403,2.508771929824561
1.1b,1000,-1.0,0.6805555555555556,2.7222222222222223
1.1b,1000,-1.0,0.4782608695652174,1.9130434782608696
7b,1000,0.1,0.46785714285714286,1.8714285714285714
1.1b,1000,-1.0,0.597457627118644,2.389830508474576
7b,1000,0.1,0.4962686567164179,1.9850746268656716
1.1b,1000,-1.0,0.5778688524590164,2.3114754098360657
1.1b,1000,-1.0,0.842391304347826,3.369565217391304
7b,1000,0.1,0.5436507936507936,2.1746031746031744
1.1b,1000,-1.0,0.5436507936507936,2.1746031746031744
7b,1000,0.1,0.4855072463768116,1.9420289855072463
1.1b,1000,-1.0,0.4889705882352941,1.9558823529411764
1.1b,1000,-1.0,0.6120689655172413,2.4482758620689653
7b,1000,0.1,0.3628048780487805,1.451219512195122
1.1b,1000,-1.0,0.4962686567164179,1.9850746268656716
7b,1000,0.1,0.8611111111111112,3.4444444444444446
1.1b,1000,-1.0,0.6101694915254238,2.440677966101695
7b,1000,0.1,0.4444444444444444,1.7777777777777777
1.1b,1000,-1.0,0.5555555555555556,2.2222222222222223
7b,1000,0.1,0.4144736842105263,1.6578947368421053
1.1b,1000,-1.0,0.4962686567164179,1.9850746268656716
1.1b,1000,-1.0,0.569672131147541,2.278688524590164
7b,1000,0.1,0.28191489361702127,1.127659574468085
1.1b,1000,-1.0,0.5111940298507462,2.044776119402985
1.1b,1000,-1.0,0.5230769230769231,2.0923076923076924
7b,1000,0.1,0.41233766233766234,1.6493506493506493
1.1b,1000,-1.0,0.755,3.02
7b,1000,0.1,0.4714285714285714,1.8857142857142857
1.1b,1000,-1.0,0.45774647887323944,1.8309859154929577
7b,1000,0.1,0.4855072463768116,1.9420289855072463
1.1b,1000,-1.0,0.54296875,2.171875
1.1b,1000,-1.0,0.5227272727272727,2.090909090909091
7b,1000,0.1,0.3482142857142857,1.3928571428571428
1.1b,1000,-1.0,0.42105263157894735,1.6842105263157894
7b,1000,0.1,0.4144736842105263,1.6578947368421053
1.1b,1000,-1.0,0.4963235294117647,1.9852941176470589
7b,1000,0.1,0.5189393939393939,2.0757575757575757
1.1b,1000,-1.0,0.4444444444444444,1.7777777777777777
7b,1000,0.1,0.7755102040816326,3.1020408163265305
1.1b,1000,-1.0,0.49264705882352944,1.9705882352941178
7b,1000,0.1,0.4855072463768116,1.9420289855072463
1.1b,1000,-1.0,0.569672131147541,2.278688524590164
1.1b,1000,-1.0,0.8191489361702128,3.276595744680851
7b,1000,0.1,0.6016949152542372,2.406779661016949
1.1b,1000,-1.0,0.5192307692307693,2.076923076923077
7b,1000,0.1,0.4889705882352941,1.9558823529411764
1.1b,1000,-1.0,0.5645161290322581,2.2580645161290325
1.1b,1000,-1.0,0.6981132075471698,2.792452830188679
7b,1000,0.1,0.4714285714285714,1.8857142857142857
1.1b,1000,-1.0,0.5151515151515151,2.0606060606060606
7b,1000,0.1,0.3829113924050633,1.5316455696202531
1.1b,1000,-1.0,0.4963235294117647,1.9852941176470589
7b,1000,0.1,0.5192307692307693,2.076923076923077
1.1b,1000,-1.0,0.5819672131147541,2.3278688524590163
1.1b,1000,-1.0,0.6759259259259259,2.7037037037037037
7b,1000,0.1,0.31179775280898875,1.247191011235955
1.1b,1000,-1.0,0.4144736842105263,1.6578947368421053
7b,1000,0.1,0.54296875,2.171875
1.1b,1000,-1.0,0.5269230769230769,2.1076923076923078
7b,1000,0.1,0.40384615384615385,1.6153846153846154
1.1b,1000,-1.0,0.4513888888888889,1.8055555555555556
1.1b,1000,-1.0,0.4583333333333333,1.8333333333333333
7b,1000,0.1,0.4963235294117647,1.9852941176470589
1.1b,1000,-1.0,0.45422535211267606,1.8169014084507042
7b,1000,0.1,0.5725806451612904,2.2903225806451615
7b,1000,0.1,0.42567567567567566,1.7027027027027026
7b,1000,0.1,0.6473214285714286,2.5892857142857144
7b,1000,0.1,0.5476190476190477,2.1904761904761907
7b,1000,0.1,0.5604838709677419,2.2419354838709675
7b,1000,0.1,0.5111940298507462,2.044776119402985
7b,1000,0.1,0.37037037037037035,1.4814814814814814
7b,1000,0.1,0.40789473684210525,1.631578947368421
7b,1000,0.1,0.5645161290322581,2.2580645161290325
7b,1000,0.1,0.384375,1.5375
1.1b,2000,-1.0,0.41118421052631576,1.644736842105263
7b,1000,0.1,0.35240963855421686,1.4096385542168675
1.1b,2000,-1.0,0.3313953488372093,1.3255813953488371
7b,1000,0.1,0.3482142857142857,1.3928571428571428
1.1b,2000,-1.0,0.38924050632911394,1.5569620253164558
7b,1000,0.1,0.4452054794520548,1.7808219178082192
1.1b,2000,-1.0,0.5075757575757576,2.0303030303030303
7b,1000,0.1,0.5269230769230769,2.1076923076923078
1.1b,2000,-1.0,0.34705882352941175,1.388235294117647
1.1b,2000,-1.0,0.38125,1.525
7b,1000,0.1,0.3411764705882353,1.3647058823529412
1.1b,2000,-1.0,0.4444444444444444,1.7777777777777777
7b,1000,0.1,0.7857142857142857,3.142857142857143
1.1b,2000,-1.0,0.391025641025641,1.564102564102564
7b,1000,0.1,0.45422535211267606,1.8169014084507042
1.1b,2000,-1.0,0.30833333333333335,1.2333333333333334
7b,1000,0.1,0.5192307692307693,2.076923076923077
1.1b,2000,-1.0,0.43243243243243246,1.7297297297297298
7b,1000,0.1,0.5390625,2.15625
1.1b,2000,-1.0,0.32471264367816094,1.2988505747126438
7b,1000,0.1,0.3275862068965517,1.3103448275862069
1.1b,2000,-1.0,0.28763440860215056,1.1505376344086022
7b,1000,0.1,0.3313953488372093,1.3255813953488371
1.1b,2000,-1.0,0.3829113924050633,1.5316455696202531
7b,1000,0.1,0.29301075268817206,1.1720430107526882
1.1b,2000,-1.0,0.3411764705882353,1.3647058823529412
1.1b,2000,-1.0,0.5737704918032787,2.2950819672131146
7b,1000,0.1,0.4782608695652174,1.9130434782608696
1.1b,2000,-1.0,0.45422535211267606,1.8169014084507042
7b,1000,0.1,0.41118421052631576,1.644736842105263
1.1b,2000,-1.0,0.37037037037037035,1.4814814814814814
7b,1000,0.1,0.6727272727272727,2.690909090909091
1.1b,2000,-1.0,0.3411764705882353,1.3647058823529412
7b,1000,0.1,0.5111940298507462,2.044776119402985
1.1b,2000,-1.0,0.39935064935064934,1.5974025974025974
7b,1000,0.1,0.42905405405405406,1.7162162162162162
1.1b,2000,-1.0,0.40789473684210525,1.631578947368421
7b,1000,0.1,0.569672131147541,2.278688524590164
1.1b,2000,-1.0,0.4962686567164179,1.9850746268656716
7b,1000,0.1,0.5075757575757576,2.0303030303030303
1.1b,2000,-1.0,0.4090909090909091,1.6363636363636365
1.1b,2000,-1.0,0.4349315068493151,1.7397260273972603
7b,1000,0.1,0.4513888888888889,1.8055555555555556
1.1b,2000,-1.0,0.42905405405405406,1.7162162162162162
7b,1000,0.1,0.4714285714285714,1.8857142857142857
1.1b,2000,-1.0,0.4852941176470588,1.9411764705882353
7b,1000,0.1,0.3372093023255814,1.3488372093023255
1.1b,2000,-1.0,0.5685483870967742,2.274193548387097
1.1b,2000,-1.0,0.37037037037037035,1.4814814814814814
7b,1000,0.1,0.3765432098765432,1.5061728395061729
1.1b,2000,-1.0,0.5075757575757576,2.0303030303030303
7b,1000,0.1,0.5113636363636364,2.0454545454545454
1.1b,2000,-1.0,0.3628048780487805,1.451219512195122
7b,1000,0.1,0.5113636363636364,2.0454545454545454
1.1b,2000,-1.0,0.36728395061728397,1.4691358024691359
7b,1000,0.1,0.4583333333333333,1.8333333333333333
1.1b,2000,-1.0,0.3628048780487805,1.451219512195122
7b,1000,0.1,0.5390625,2.15625
1.1b,2000,-1.0,0.45422535211267606,1.8169014084507042
1.1b,2000,-1.0,0.29945054945054944,1.1978021978021978
1.1b,2000,-1.0,0.5604838709677419,2.2419354838709675
1.1b,2000,-1.0,0.28191489361702127,1.127659574468085
1.1b,2000,-1.0,0.42567567567567566,1.7027027027027026
1.1b,2000,-1.0,0.41118421052631576,1.644736842105263
1.1b,2000,-1.0,0.53515625,2.140625
1.1b,2000,-1.0,0.3829113924050633,1.5316455696202531
1.1b,2000,-1.0,0.6636363636363637,2.6545454545454548
1.1b,2000,-1.0,0.42,1.68
1.1b,2000,-1.0,0.38125,1.525
7b,2000,0.1,0.3597560975609756,1.4390243902439024
1.1b,2000,-1.0,0.3482142857142857,1.3928571428571428
1.1b,2000,-1.0,0.4444444444444444,1.7777777777777777
7b,2000,0.1,0.15,0.6
1.1b,2000,-1.0,0.35240963855421686,1.4096385542168675
1.1b,2000,-1.0,0.42905405405405406,1.7162162162162162
7b,2000,0.1,0.42333333333333334,1.6933333333333334
1.1b,2000,-1.0,0.42,1.68
7b,2000,0.1,0.4444444444444444,1.7777777777777777
1.1b,2000,-1.0,0.5819672131147541,2.3278688524590163
1.1b,2000,-1.0,0.5113636363636364,2.0454545454545454
7b,2000,0.1,0.12686567164179105,0.5074626865671642
1.1b,2000,-1.0,0.35240963855421686,1.4096385542168675
7b,2000,0.1,0.3313953488372093,1.3255813953488371
1.1b,2000,-1.0,0.4642857142857143,1.8571428571428572
1.1b,2000,-1.0,0.34411764705882353,1.3764705882352941
7b,2000,0.1,0.40789473684210525,1.631578947368421
1.1b,2000,-1.0,0.40789473684210525,1.631578947368421
7b,2000,0.1,0.3181818181818182,1.2727272727272727
1.1b,2000,-1.0,0.8722222222222222,3.488888888888889
1.1b,2000,-1.0,0.4714285714285714,1.8857142857142857
7b,2000,0.1,0.3829113924050633,1.5316455696202531
1.1b,2000,-1.0,0.4479166666666667,1.7916666666666667
7b,2000,0.1,0.22169811320754718,0.8867924528301887
1.1b,2000,-1.0,0.42333333333333334,1.6933333333333334
1.1b,2000,-1.0,0.3628048780487805,1.451219512195122
7b,2000,0.1,0.42105263157894735,1.6842105263157894
1.1b,2000,-1.0,0.5192307692307693,2.076923076923077
7b,2000,0.1,0.42567567567567566,1.7027027027027026
1.1b,2000,-1.0,0.39935064935064934,1.5974025974025974
1.1b,2000,-1.0,0.35119047619047616,1.4047619047619047
7b,2000,0.1,0.2261904761904762,0.9047619047619048
1.1b,2000,-1.0,0.39556962025316456,1.5822784810126582
7b,2000,0.1,0.391025641025641,1.564102564102564
1.1b,2000,-1.0,0.4144736842105263,1.6578947368421053
7b,2000,0.1,0.2575,1.03
1.1b,2000,-1.0,0.32303370786516855,1.2921348314606742
1.1b,2000,-1.0,0.3860759493670886,1.5443037974683544
7b,2000,0.1,0.2734375,1.09375
1.1b,2000,-1.0,0.35240963855421686,1.4096385542168675
1.1b,2000,-1.0,0.39556962025316456,1.5822784810126582
7b,2000,0.1,0.16666666666666666,0.6666666666666666
1.1b,2000,-1.0,0.36890243902439024,1.475609756097561
7b,2000,0.1,0.35542168674698793,1.4216867469879517
1.1b,2000,-1.0,0.4349315068493151,1.7397260273972603
7b,2000,0.1,0.39935064935064934,1.5974025974025974
1.1b,2000,-1.0,0.35,1.4
1.1b,2000,-1.0,0.4025974025974026,1.6103896103896105
7b,2000,0.1,0.23557692307692307,0.9423076923076923
1.1b,2000,-1.0,0.4642857142857143,1.8571428571428572
1.1b,2000,-1.0,0.4349315068493151,1.7397260273972603
7b,2000,0.1,0.21296296296296297,0.8518518518518519
1.1b,2000,-1.0,0.7303921568627451,2.9215686274509802
7b,2000,0.1,0.35542168674698793,1.4216867469879517
1.1b,2000,-1.0,0.5476190476190477,2.1904761904761907
1.1b,2000,-1.0,0.3860759493670886,1.5443037974683544
7b,2000,0.1,0.3146067415730337,1.2584269662921348
1.1b,2000,-1.0,0.3597560975609756,1.4390243902439024
7b,2000,0.1,0.3860759493670886,1.5443037974683544
1.1b,2000,-1.0,0.28763440860215056,1.1505376344086022
1.1b,2000,-1.0,0.4166666666666667,1.6666666666666667
7b,2000,0.1,0.14763779527559054,0.5905511811023622
1.1b,2000,-1.0,0.3765432098765432,1.5061728395061729
1.1b,2000,-1.0,0.5227272727272727,2.090909090909091
7b,2000,0.1,0.1437007874015748,0.5748031496062992
1.1b,2000,-1.0,0.45774647887323944,1.8309859154929577
7b,2000,0.1,0.4782608695652174,1.9130434782608696
1.1b,2000,-1.0,0.42333333333333334,1.6933333333333334
7b,2000,0.1,0.4444444444444444,1.7777777777777777
1.1b,2000,-1.0,0.3275862068965517,1.3103448275862069
1.1b,2000,-1.0,0.6,2.4
7b,2000,0.1,0.24504950495049505,0.9801980198019802
1.1b,2000,-1.0,0.19078947368421054,0.7631578947368421
7b,2000,0.1,0.2708333333333333,1.0833333333333333
1.1b,2000,-1.0,0.4479166666666667,1.7916666666666667
1.1b,2000,-1.0,0.36728395061728397,1.4691358024691359
7b,2000,0.1,0.3313953488372093,1.3255813953488371
1.1b,2000,-1.0,0.28763440860215056,1.1505376344086022
7b,2000,0.1,0.2708333333333333,1.0833333333333333
1.1b,2000,-1.0,0.3974358974358974,1.5897435897435896
7b,2000,0.1,0.34411764705882353,1.3764705882352941
1.1b,2000,-1.0,0.5916666666666667,2.3666666666666667
1.1b,2000,-1.0,0.40789473684210525,1.631578947368421
7b,2000,0.1,0.42905405405405406,1.7162162162162162
1.1b,2000,-1.0,0.3860759493670886,1.5443037974683544
1.1b,2000,-1.0,0.3313953488372093,1.3255813953488371
7b,2000,0.1,0.11496350364963503,0.45985401459854014
1.1b,2000,-1.0,0.40064102564102566,1.6025641025641026
7b,2000,0.1,0.49264705882352944,1.9705882352941178
1.1b,2000,-1.0,0.42,1.68
7b,2000,0.1,0.4349315068493151,1.7397260273972603
1.1b,2000,-1.0,0.3382352941176471,1.3529411764705883
7b,2000,0.1,0.5833333333333334,2.3333333333333335
1.1b,2000,-1.0,0.4479166666666667,1.7916666666666667
1.1b,2000,-1.0,0.29945054945054944,1.1978021978021978
7b,2000,0.1,0.1375968992248062,0.5503875968992248
1.1b,2000,-1.0,0.42,1.68
7b,2000,0.1,0.9186046511627907,3.6744186046511627
1.1b,2000,-1.0,0.3734567901234568,1.4938271604938271
1.1b,2000,-1.0,0.4444444444444444,1.7777777777777777
7b,2000,0.1,0.18859649122807018,0.7543859649122807
1.1b,2000,-1.0,0.378125,1.5125
7b,2000,0.1,0.3614457831325301,1.4457831325301205
1.1b,2000,-1.0,0.37037037037037035,1.4814814814814814
7b,2000,0.1,0.32471264367816094,1.2988505747126438
1.1b,2000,-1.0,0.3411764705882353,1.3647058823529412
7b,2000,0.1,0.41776315789473684,1.6710526315789473
1.1b,2000,-1.0,0.49264705882352944,1.9705882352941178
1.1b,2000,-1.0,0.3382352941176471,1.3529411764705883
7b,2000,0.1,0.25,1.0
1.1b,2000,-1.0,0.4782608695652174,1.9130434782608696
1.1b,2000,-1.0,0.4444444444444444,1.7777777777777777
7b,2000,0.1,0.3275862068965517,1.3103448275862069
1.1b,2000,-1.0,0.42567567567567566,1.7027027027027026
7b,2000,0.1,0.36728395061728397,1.4691358024691359
1.1b,2000,-1.0,0.39935064935064934,1.5974025974025974
7b,2000,0.1,0.4889705882352941,1.9558823529411764
1.1b,2000,-1.0,0.4889705882352941,1.9558823529411764
7b,2000,0.1,0.4025974025974026,1.6103896103896105
1.1b,2000,-1.0,0.36728395061728397,1.4691358024691359
1.1b,2000,-1.0,0.39556962025316456,1.5822784810126582
7b,2000,0.1,0.34411764705882353,1.3764705882352941
1.1b,2000,-1.0,0.36890243902439024,1.475609756097561
7b,2000,0.1,0.5192307692307693,2.076923076923077
1.1b,2000,-1.0,0.5515873015873016,2.2063492063492065
7b,2000,0.1,0.4642857142857143,1.8571428571428572
1.1b,2000,-1.0,0.42,1.68
7b,2000,0.1,0.40789473684210525,1.631578947368421
1.1b,2000,-1.0,0.3765432098765432,1.5061728395061729
7b,2000,0.1,0.8920454545454546,3.5681818181818183
1.1b,2000,-1.0,0.36728395061728397,1.4691358024691359
1.1b,2000,-1.0,0.3382352941176471,1.3529411764705883
7b,2000,0.1,0.3146067415730337,1.2584269662921348
1.1b,2000,-1.0,0.3313953488372093,1.3255813953488371
1.1b,2000,-1.0,0.42905405405405406,1.7162162162162162
7b,2000,0.1,0.12593984962406016,0.5037593984962406
7b,2000,0.1,0.23095238095238096,0.9238095238095239
7b,2000,0.1,0.3974358974358974,1.5897435897435896
7b,2000,0.1,0.4513888888888889,1.8055555555555556
7b,2000,0.1,0.4025974025974026,1.6103896103896105
7b,2000,0.1,0.34523809523809523,1.380952380952381
7b,2000,0.1,0.4889705882352941,1.9558823529411764
7b,2000,0.1,0.3313953488372093,1.3255813953488371
7b,2000,0.1,0.37962962962962965,1.5185185185185186
1.1b,3000,-1.0,0.32386363636363635,1.2954545454545454
7b,2000,0.1,0.6120689655172413,2.4482758620689653
1.1b,3000,-1.0,0.5269230769230769,2.1076923076923078
7b,2000,0.1,0.5,2.0
1.1b,3000,-1.0,0.35843373493975905,1.4337349397590362
1.1b,3000,-1.0,0.32386363636363635,1.2954545454545454
7b,2000,0.1,0.07679738562091504,0.30718954248366015
1.1b,3000,-1.0,0.34705882352941175,1.388235294117647
1.1b,3000,-1.0,0.34011627906976744,1.3604651162790697
7b,2000,0.1,0.2426470588235294,0.9705882352941176
1.1b,3000,-1.0,0.39935064935064934,1.5974025974025974
7b,2000,0.1,0.1810344827586207,0.7241379310344828
1.1b,3000,-1.0,0.296195652173913,1.184782608695652
1.1b,3000,-1.0,0.3411764705882353,1.3647058823529412
7b,2000,0.1,0.25,1.0
1.1b,3000,-1.0,0.24019607843137256,0.9607843137254902
7b,2000,0.1,0.31179775280898875,1.247191011235955
1.1b,3000,-1.0,0.3146067415730337,1.2584269662921348
7b,2000,0.1,0.4479166666666667,1.7916666666666667
1.1b,3000,-1.0,0.39556962025316456,1.5822784810126582
7b,2000,0.1,0.5390625,2.15625
1.1b,3000,-1.0,0.35240963855421686,1.4096385542168675
7b,2000,0.1,0.5113636363636364,2.0454545454545454
1.1b,3000,-1.0,0.32471264367816094,1.2988505747126438
7b,2000,0.1,0.25757575757575757,1.0303030303030303
1.1b,3000,-1.0,0.3021978021978022,1.2087912087912087
7b,2000,0.1,0.569672131147541,2.278688524590164
1.1b,3000,-1.0,0.35240963855421686,1.4096385542168675
7b,2000,0.1,0.19469026548672566,0.7787610619469026
1.1b,3000,-1.0,0.33045977011494254,1.3218390804597702
1.1b,3000,-1.0,0.4349315068493151,1.7397260273972603
7b,2000,0.1,0.27631578947368424,1.105263157894737
1.1b,3000,-1.0,0.39935064935064934,1.5974025974025974
7b,2000,0.1,0.32471264367816094,1.2988505747126438
1.1b,3000,-1.0,0.31179775280898875,1.247191011235955
7b,2000,0.1,0.42567567567567566,1.7027027027027026
1.1b,3000,-1.0,0.29945054945054944,1.1978021978021978
7b,2000,0.1,0.5151515151515151,2.0606060606060606
1.1b,3000,-1.0,0.4548611111111111,1.8194444444444444
1.1b,3000,-1.0,0.34523809523809523,1.380952380952381
7b,2000,0.1,0.0935374149659864,0.3741496598639456
1.1b,3000,-1.0,0.3974358974358974,1.5897435897435896
7b,2000,0.1,0.375,1.5
1.1b,3000,-1.0,0.49264705882352944,1.9705882352941178
1.1b,3000,-1.0,0.4025974025974026,1.6103896103896105
7b,2000,0.1,0.32471264367816094,1.2988505747126438
1.1b,3000,-1.0,0.3875,1.55
7b,2000,0.1,0.31179775280898875,1.247191011235955
1.1b,3000,-1.0,0.45774647887323944,1.8309859154929577
7b,2000,0.1,0.20681818181818182,0.8272727272727273
1.1b,3000,-1.0,0.34705882352941175,1.388235294117647
1.1b,3000,-1.0,0.35542168674698793,1.4216867469879517
7b,2000,0.1,0.16322314049586778,0.6528925619834711
1.1b,3000,-1.0,0.4452054794520548,1.7808219178082192
7b,2000,0.1,0.391025641025641,1.564102564102564
1.1b,3000,-1.0,0.3055555555555556,1.2222222222222223
7b,2000,0.1,0.39935064935064934,1.5974025974025974
1.1b,3000,-1.0,0.32471264367816094,1.2988505747126438
7b,2000,0.1,0.4166666666666667,1.6666666666666667
1.1b,3000,-1.0,0.3021978021978022,1.2087912087912087
7b,2000,0.1,0.40064102564102566,1.6025641025641026
1.1b,3000,-1.0,0.42105263157894735,1.6842105263157894
1.1b,3000,-1.0,0.3333333333333333,1.3333333333333333
7b,2000,0.1,0.18478260869565216,0.7391304347826086
1.1b,3000,-1.0,0.3275862068965517,1.3103448275862069
7b,2000,0.1,0.5075757575757576,2.0303030303030303
1.1b,3000,-1.0,0.4444444444444444,1.7777777777777777
7b,2000,0.1,0.3313953488372093,1.3255813953488371
1.1b,3000,-1.0,0.3614457831325301,1.4457831325301205
1.1b,3000,-1.0,0.5645161290322581,2.2580645161290325
7b,2000,0.1,0.20871559633027523,0.8348623853211009
1.1b,3000,-1.0,0.3313953488372093,1.3255813953488371
7b,2000,0.1,0.384375,1.5375
1.1b,3000,-1.0,0.35542168674698793,1.4216867469879517
7b,2000,0.1,0.3275862068965517,1.3103448275862069
1.1b,3000,-1.0,0.28157894736842104,1.1263157894736842
7b,2000,0.1,0.5307692307692308,2.123076923076923
1.1b,3000,-1.0,0.6851851851851852,2.740740740740741
1.1b,3000,-1.0,0.3210227272727273,1.2840909090909092
7b,2000,0.1,0.17372881355932204,0.6949152542372882
1.1b,3000,-1.0,0.3734567901234568,1.4938271604938271
7b,2000,0.1,0.1810344827586207,0.7241379310344828
1.1b,3000,-1.0,0.4090909090909091,1.6363636363636365
1.1b,3000,-1.0,0.4166666666666667,1.6666666666666667
7b,2000,0.1,0.19247787610619468,0.7699115044247787
1.1b,3000,-1.0,0.4746376811594203,1.8985507246376812
1.1b,3000,-1.0,0.3411764705882353,1.3647058823529412
7b,2000,0.1,0.09482758620689655,0.3793103448275862
1.1b,3000,-1.0,0.4166666666666667,1.6666666666666667
7b,2000,0.1,0.3597560975609756,1.4390243902439024
1.1b,3000,-1.0,0.36728395061728397,1.4691358024691359
1.1b,3000,-1.0,0.391025641025641,1.564102564102564
7b,2000,0.1,0.1375968992248062,0.5503875968992248
1.1b,3000,-1.0,0.7806122448979592,3.122448979591837
1.1b,3000,-1.0,0.5604838709677419,2.2419354838709675
7b,2000,0.1,0.12313432835820895,0.4925373134328358
1.1b,3000,-1.0,0.53515625,2.140625
7b,2000,0.1,0.4166666666666667,1.6666666666666667
1.1b,3000,-1.0,0.23333333333333334,0.9333333333333333
1.1b,3000,-1.0,0.3313953488372093,1.3255813953488371
7b,2000,0.1,0.19078947368421054,0.7631578947368421
1.1b,3000,-1.0,0.35542168674698793,1.4216867469879517
7b,2000,0.1,0.7450980392156863,2.980392156862745
1.1b,3000,-1.0,0.3021978021978022,1.2087912087912087
7b,2000,0.1,0.28763440860215056,1.1505376344086022
1.1b,3000,-1.0,0.34523809523809523,1.380952380952381
7b,2000,0.1,0.34523809523809523,1.380952380952381
1.1b,3000,-1.0,0.32670454545454547,1.3068181818181819
7b,2000,0.1,0.41776315789473684,1.6710526315789473
1.1b,3000,-1.0,0.32670454545454547,1.3068181818181819
7b,2000,0.1,0.29945054945054944,1.1978021978021978
1.1b,3000,-1.0,0.3411764705882353,1.3647058823529412
1.1b,3000,-1.0,0.3734567901234568,1.4938271604938271
7b,2000,0.1,0.29347826086956524,1.173913043478261
1.1b,3000,-1.0,0.34523809523809523,1.380952380952381
7b,2000,0.1,0.27631578947368424,1.105263157894737
1.1b,3000,-1.0,0.37037037037037035,1.4814814814814814
7b,2000,0.1,0.255050505050505,1.02020202020202
1.1b,3000,-1.0,0.42333333333333334,1.6933333333333334
7b,2000,0.1,0.4642857142857143,1.8571428571428572
1.1b,3000,-1.0,0.2789473684210526,1.1157894736842104
7b,2000,0.1,0.38924050632911394,1.5569620253164558
1.1b,3000,-1.0,0.3875,1.55
1.1b,3000,-1.0,0.4266666666666667,1.7066666666666668
7b,2000,0.1,0.18318965517241378,0.7327586206896551
1.1b,3000,-1.0,0.3382352941176471,1.3529411764705883
7b,2000,0.1,0.53125,2.125
1.1b,3000,-1.0,0.3597560975609756,1.4390243902439024
1.1b,3000,-1.0,0.35240963855421686,1.4096385542168675
7b,2000,0.1,0.1532258064516129,0.6129032258064516
1.1b,3000,-1.0,0.2708333333333333,1.0833333333333333
7b,2000,0.1,0.375,1.5
1.1b,3000,-1.0,0.4782608695652174,1.9130434782608696
7b,2000,0.1,0.27631578947368424,1.105263157894737
1.1b,3000,-1.0,0.30833333333333335,1.2333333333333334
1.1b,3000,-1.0,0.33430232558139533,1.3372093023255813
1.1b,3000,-1.0,0.375,1.5
1.1b,3000,-1.0,0.3055555555555556,1.2222222222222223
1.1b,3000,-1.0,0.4548611111111111,1.8194444444444444
1.1b,3000,-1.0,0.3541666666666667,1.4166666666666667
1.1b,3000,-1.0,0.2627551020408163,1.0510204081632653
1.1b,3000,-1.0,0.3829113924050633,1.5316455696202531
1.1b,3000,-1.0,0.3614457831325301,1.4457831325301205
1.1b,3000,-1.0,0.2261904761904762,0.9047619047619048
1.1b,3000,-1.0,0.3597560975609756,1.4390243902439024
7b,3000,0.1,0.19247787610619468,0.7699115044247787
1.1b,3000,-1.0,0.45422535211267606,1.8169014084507042
1.1b,3000,-1.0,0.3181818181818182,1.2727272727272727
7b,3000,0.1,0.42567567567567566,1.7027027027027026
1.1b,3000,-1.0,0.5,2.0
7b,3000,0.1,0.32471264367816094,1.2988505747126438
1.1b,3000,-1.0,0.3765432098765432,1.5061728395061729
7b,3000,0.1,0.35240963855421686,1.4096385542168675
1.1b,3000,-1.0,0.41776315789473684,1.6710526315789473
1.1b,3000,-1.0,0.33430232558139533,1.3372093023255813
7b,3000,0.1,0.2872340425531915,1.148936170212766
1.1b,3000,-1.0,0.3138888888888889,1.2555555555555555
7b,3000,0.1,0.35,1.4
1.1b,3000,-1.0,0.28191489361702127,1.127659574468085
7b,3000,0.1,0.40789473684210525,1.631578947368421
1.1b,3000,-1.0,0.2898936170212766,1.1595744680851063
1.1b,3000,-1.0,0.4025974025974026,1.6103896103896105
7b,3000,0.1,0.35240963855421686,1.4096385542168675
1.1b,3000,-1.0,0.42,1.68
7b,3000,0.1,0.3313953488372093,1.3255813953488371
1.1b,3000,-1.0,0.33620689655172414,1.3448275862068966
7b,3000,0.1,0.3628048780487805,1.451219512195122
1.1b,3000,-1.0,0.27631578947368424,1.105263157894737
7b,3000,0.1,0.4025974025974026,1.6103896103896105
1.1b,3000,-1.0,0.29891304347826086,1.1956521739130435
7b,3000,0.1,0.569672131147541,2.278688524590164
1.1b,3000,-1.0,0.36728395061728397,1.4691358024691359
1.1b,3000,-1.0,0.31179775280898875,1.247191011235955
7b,3000,0.1,0.3275862068965517,1.3103448275862069
1.1b,3000,-1.0,0.35,1.4
7b,3000,0.1,0.20270270270270271,0.8108108108108109
1.1b,3000,-1.0,0.4444444444444444,1.7777777777777777
1.1b,3000,-1.0,0.5958333333333333,2.3833333333333333
7b,3000,0.1,0.5075757575757576,2.0303030303030303
1.1b,3000,-1.0,0.3181818181818182,1.2727272727272727
7b,3000,0.1,0.3942307692307692,1.5769230769230769
1.1b,3000,-1.0,0.5230769230769231,2.0923076923076924
7b,3000,0.1,0.3382352941176471,1.3529411764705883
1.1b,3000,-1.0,0.4417808219178082,1.7671232876712328
1.1b,3000,-1.0,0.4583333333333333,1.8333333333333333
7b,3000,0.1,0.46830985915492956,1.8732394366197183
1.1b,3000,-1.0,0.3021978021978022,1.2087912087912087
7b,3000,0.1,0.5192307692307693,2.076923076923077
1.1b,3000,-1.0,0.37037037037037035,1.4814814814814814
7b,3000,0.1,0.6759259259259259,2.7037037037037037
1.1b,3000,-1.0,0.34523809523809523,1.380952380952381
7b,3000,0.1,0.36728395061728397,1.4691358024691359
1.1b,3000,-1.0,0.41233766233766234,1.6493506493506493
7b,3000,0.1,0.38924050632911394,1.5569620253164558
1.1b,3000,-1.0,0.28125,1.125
1.1b,3000,-1.0,0.33045977011494254,1.3218390804597702
7b,3000,0.1,0.255050505050505,1.02020202020202
1.1b,3000,-1.0,0.35240963855421686,1.4096385542168675
7b,3000,0.1,0.39935064935064934,1.5974025974025974
1.1b,3000,-1.0,0.2708333333333333,1.0833333333333333
7b,3000,0.1,0.3313953488372093,1.3255813953488371
1.1b,3000,-1.0,0.42905405405405406,1.7162162162162162
1.1b,3000,-1.0,0.32670454545454547,1.3068181818181819
7b,3000,0.1,0.19866071428571427,0.7946428571428571
1.1b,3000,-1.0,0.34411764705882353,1.3764705882352941
1.1b,3000,-1.0,0.31179775280898875,1.247191011235955
7b,3000,0.1,0.17372881355932204,0.6949152542372882
7b,3000,0.1,0.5192307692307693,2.076923076923077
7b,3000,0.1,0.2845744680851064,1.1382978723404256
7b,3000,0.1,0.42905405405405406,1.7162162162162162
7b,3000,0.1,0.3016304347826087,1.2065217391304348
7b,3000,0.1,0.4479166666666667,1.7916666666666667
7b,3000,0.1,0.2708333333333333,1.0833333333333333
7b,3000,0.1,0.41776315789473684,1.6710526315789473
1.1b,4000,-1.0,0.3181818181818182,1.2727272727272727
1.1b,4000,-1.0,0.41233766233766234,1.6493506493506493
7b,3000,0.1,0.3829113924050633,1.5316455696202531
1.1b,4000,-1.0,0.3942307692307692,1.5769230769230769
7b,3000,0.1,0.35240963855421686,1.4096385542168675
1.1b,4000,-1.0,0.3275862068965517,1.3103448275862069
7b,3000,0.1,0.39556962025316456,1.5822784810126582
1.1b,4000,-1.0,0.2760416666666667,1.1041666666666667
7b,3000,0.1,0.24752475247524752,0.9900990099009901
1.1b,4000,-1.0,0.3275862068965517,1.3103448275862069
1.1b,4000,-1.0,0.3541666666666667,1.4166666666666667
7b,3000,0.1,0.3734567901234568,1.4938271604938271
7b,3000,0.1,0.7259615384615384,2.9038461538461537
1.1b,4000,-1.0,0.3313953488372093,1.3255813953488371
1.1b,4000,-1.0,0.42105263157894735,1.6842105263157894
7b,3000,0.1,0.375,1.5
1.1b,4000,-1.0,0.3974358974358974,1.5897435897435896
7b,3000,0.1,0.4166666666666667,1.6666666666666667
1.1b,4000,-1.0,0.3055555555555556,1.2222222222222223
7b,3000,0.1,0.28191489361702127,1.127659574468085
1.1b,4000,-1.0,0.384375,1.5375
7b,3000,0.1,0.4889705882352941,1.9558823529411764
1.1b,4000,-1.0,0.3411764705882353,1.3647058823529412
1.1b,4000,-1.0,0.35,1.4
7b,3000,0.1,0.3382352941176471,1.3529411764705883
1.1b,4000,-1.0,0.3146067415730337,1.2584269662921348
7b,3000,0.1,0.4266666666666667,1.7066666666666668
1.1b,4000,-1.0,0.3614457831325301,1.4457831325301205
7b,3000,0.1,0.41776315789473684,1.6710526315789473
1.1b,4000,-1.0,0.41118421052631576,1.644736842105263
7b,3000,0.1,0.3146067415730337,1.2584269662921348
1.1b,4000,-1.0,0.34705882352941175,1.388235294117647
7b,3000,0.1,0.40789473684210525,1.631578947368421
1.1b,4000,-1.0,0.3372093023255814,1.3488372093023255
1.1b,4000,-1.0,0.4349315068493151,1.7397260273972603
7b,3000,0.1,0.43243243243243246,1.7297297297297298
1.1b,4000,-1.0,0.40584415584415584,1.6233766233766234
7b,3000,0.1,0.4647887323943662,1.8591549295774648
1.1b,4000,-1.0,0.37037037037037035,1.4814814814814814
7b,3000,0.1,0.4266666666666667,1.7066666666666668
1.1b,4000,-1.0,0.34411764705882353,1.3764705882352941
7b,3000,0.1,0.5151515151515151,2.0606060606060606
1.1b,4000,-1.0,0.37037037037037035,1.4814814814814814
7b,3000,0.1,0.5436507936507936,2.1746031746031744
1.1b,4000,-1.0,0.35542168674698793,1.4216867469879517
7b,3000,0.1,0.20454545454545456,0.8181818181818182
1.1b,4000,-1.0,0.35240963855421686,1.4096385542168675
1.1b,4000,-1.0,0.3382352941176471,1.3529411764705883
7b,3000,0.1,0.32471264367816094,1.2988505747126438
1.1b,4000,-1.0,0.36890243902439024,1.475609756097561
7b,3000,0.1,0.19469026548672566,0.7787610619469026
1.1b,4000,-1.0,0.3942307692307692,1.5769230769230769
1.1b,4000,-1.0,0.3382352941176471,1.3529411764705883
7b,3000,0.1,0.3829113924050633,1.5316455696202531
1.1b,4000,-1.0,0.35714285714285715,1.4285714285714286
7b,3000,0.1,0.40789473684210525,1.631578947368421
1.1b,4000,-1.0,0.40064102564102566,1.6025641025641026
1.1b,4000,-1.0,0.3829113924050633,1.5316455696202531
7b,3000,0.1,0.11413043478260869,0.45652173913043476
1.1b,4000,-1.0,0.503731343283582,2.014925373134328
7b,3000,0.1,0.3942307692307692,1.5769230769230769
1.1b,4000,-1.0,0.40584415584415584,1.6233766233766234
7b,3000,0.1,0.4444444444444444,1.7777777777777777
1.1b,4000,-1.0,0.24019607843137256,0.9607843137254902
7b,3000,0.1,0.32386363636363635,1.2954545454545454
1.1b,4000,-1.0,0.378125,1.5125
1.1b,4000,-1.0,0.3875,1.55
7b,3000,0.1,0.3860759493670886,1.5443037974683544
1.1b,4000,-1.0,0.3372093023255814,1.3488372093023255
7b,3000,0.1,0.2426470588235294,0.9705882352941176
1.1b,4000,-1.0,0.40789473684210525,1.631578947368421
7b,3000,0.1,0.4166666666666667,1.6666666666666667
1.1b,4000,-1.0,0.42333333333333334,1.6933333333333334
1.1b,4000,-1.0,0.3942307692307692,1.5769230769230769
7b,3000,0.1,0.31179775280898875,1.247191011235955
1.1b,4000,-1.0,0.3382352941176471,1.3529411764705883
7b,3000,0.1,0.3597560975609756,1.4390243902439024
1.1b,4000,-1.0,0.3482142857142857,1.3928571428571428
7b,3000,0.1,0.3076923076923077,1.2307692307692308
1.1b,4000,-1.0,0.3875,1.55
1.1b,4000,-1.0,0.32471264367816094,1.2988505747126438
7b,3000,0.1,0.1598360655737705,0.639344262295082
1.1b,4000,-1.0,0.42567567567567566,1.7027027027027026
7b,3000,0.1,0.3829113924050633,1.5316455696202531
1.1b,4000,-1.0,0.38125,1.525
7b,3000,0.1,0.3016304347826087,1.2065217391304348
1.1b,4000,-1.0,0.3829113924050633,1.5316455696202531
1.1b,4000,-1.0,0.2525,1.01
7b,3000,0.1,0.296195652173913,1.184782608695652
1.1b,4000,-1.0,0.5778688524590164,2.3114754098360657
7b,3000,0.1,0.4383561643835616,1.7534246575342465
1.1b,4000,-1.0,0.34523809523809523,1.380952380952381
7b,3000,0.1,0.3333333333333333,1.3333333333333333
1.1b,4000,-1.0,0.3313953488372093,1.3255813953488371
1.1b,4000,-1.0,0.6681818181818182,2.672727272727273
7b,3000,0.1,0.20454545454545456,0.8181818181818182
1.1b,4000,-1.0,0.32471264367816094,1.2988505747126438
7b,3000,0.1,0.375,1.5
1.1b,4000,-1.0,0.45422535211267606,1.8169014084507042
1.1b,4000,-1.0,0.375,1.5
7b,3000,0.1,0.25,1.0
1.1b,4000,-1.0,0.3275862068965517,1.3103448275862069
7b,3000,0.1,0.2261904761904762,0.9047619047619048
1.1b,4000,-1.0,0.3628048780487805,1.451219512195122
7b,3000,0.1,0.4383561643835616,1.7534246575342465
1.1b,4000,-1.0,0.3016304347826087,1.2065217391304348
7b,3000,0.1,0.4647887323943662,1.8591549295774648
1.1b,4000,-1.0,0.32954545454545453,1.3181818181818181
1.1b,4000,-1.0,0.32386363636363635,1.2954545454545454
7b,3000,0.1,0.18478260869565216,0.7391304347826086
1.1b,4000,-1.0,0.4349315068493151,1.7397260273972603
7b,3000,0.1,0.2789473684210526,1.1157894736842104
1.1b,4000,-1.0,0.41118421052631576,1.644736842105263
1.1b,4000,-1.0,0.3860759493670886,1.5443037974683544
7b,3000,0.1,0.2903225806451613,1.1612903225806452
1.1b,4000,-1.0,0.31179775280898875,1.247191011235955
7b,3000,0.1,0.23076923076923078,0.9230769230769231
1.1b,4000,-1.0,0.30434782608695654,1.2173913043478262
1.1b,4000,-1.0,0.3482142857142857,1.3928571428571428
7b,3000,0.1,0.1652892561983471,0.6611570247933884
1.1b,4000,-1.0,0.32471264367816094,1.2988505747126438
7b,3000,0.1,0.3829113924050633,1.5316455696202531
1.1b,4000,-1.0,0.3372093023255814,1.3488372093023255
7b,3000,0.1,0.2261904761904762,0.9047619047619048
1.1b,4000,-1.0,0.3111111111111111,1.2444444444444445
7b,3000,0.1,0.3924050632911392,1.5696202531645569
1.1b,4000,-1.0,0.32670454545454547,1.3068181818181819
7b,3000,0.1,0.39935064935064934,1.5974025974025974
1.1b,4000,-1.0,0.3181818181818182,1.2727272727272727
1.1b,4000,-1.0,0.3614457831325301,1.4457831325301205
7b,3000,0.1,0.3055555555555556,1.2222222222222223
1.1b,4000,-1.0,0.4166666666666667,1.6666666666666667
7b,3000,0.1,0.32471264367816094,1.2988505747126438
1.1b,4000,-1.0,0.3210227272727273,1.2840909090909092
7b,3000,0.1,0.4647887323943662,1.8591549295774648
1.1b,4000,-1.0,0.3181818181818182,1.2727272727272727
7b,3000,0.1,0.3875,1.55
1.1b,4000,-1.0,0.2708333333333333,1.0833333333333333
1.1b,4000,-1.0,0.32471264367816094,1.2988505747126438
7b,3000,0.1,0.1316793893129771,0.5267175572519084
1.1b,4000,-1.0,0.35843373493975905,1.4337349397590362
7b,3000,0.1,0.3628048780487805,1.451219512195122
1.1b,4000,-1.0,0.3333333333333333,1.3333333333333333
7b,3000,0.1,0.34411764705882353,1.3764705882352941
1.1b,4000,-1.0,0.2903225806451613,1.1612903225806452
7b,3000,0.1,0.391025641025641,1.564102564102564
1.1b,4000,-1.0,0.29301075268817206,1.1720430107526882
7b,3000,0.1,0.28763440860215056,1.1505376344086022
1.1b,4000,-1.0,0.29347826086956524,1.173913043478261
1.1b,4000,-1.0,0.4548611111111111,1.8194444444444444
7b,3000,0.1,0.35119047619047616,1.4047619047619047
1.1b,4000,-1.0,0.3333333333333333,1.3333333333333333
7b,3000,0.1,0.34523809523809523,1.380952380952381
1.1b,4000,-1.0,0.2868421052631579,1.1473684210526316
7b,3000,0.1,0.39935064935064934,1.5974025974025974
1.1b,4000,-1.0,0.35542168674698793,1.4216867469879517
1.1b,4000,-1.0,0.36728395061728397,1.4691358024691359
7b,3000,0.1,0.2354368932038835,0.941747572815534
1.1b,4000,-1.0,0.3333333333333333,1.3333333333333333
7b,3000,0.1,0.20454545454545456,0.8181818181818182
1.1b,4000,-1.0,0.4444444444444444,1.7777777777777777
7b,3000,0.1,0.32670454545454547,1.3068181818181819
1.1b,4000,-1.0,0.3860759493670886,1.5443037974683544
1.1b,4000,-1.0,0.3076923076923077,1.2307692307692308
7b,3000,0.1,0.3614457831325301,1.4457831325301205
1.1b,4000,-1.0,0.2956989247311828,1.1827956989247312
7b,3000,0.1,0.4642857142857143,1.8571428571428572
1.1b,4000,-1.0,0.24752475247524752,0.9900990099009901
7b,3000,0.1,0.35843373493975905,1.4337349397590362
1.1b,4000,-1.0,0.36728395061728397,1.4691358024691359
7b,3000,0.1,0.7115384615384616,2.8461538461538463
1.1b,4000,-1.0,0.41776315789473684,1.6710526315789473
7b,3000,0.1,0.3313953488372093,1.3255813953488371
1.1b,4000,-1.0,0.3765432098765432,1.5061728395061729
7b,3000,0.1,0.3628048780487805,1.451219512195122
1.1b,4000,-1.0,0.31179775280898875,1.247191011235955
7b,3000,0.1,0.35843373493975905,1.4337349397590362
1.1b,4000,-1.0,0.32471264367816094,1.2988505747126438
1.1b,4000,-1.0,0.3860759493670886,1.5443037974683544
7b,3000,0.1,0.2261904761904762,0.9047619047619048
1.1b,4000,-1.0,0.31741573033707865,1.2696629213483146
7b,3000,0.1,0.40584415584415584,1.6233766233766234
1.1b,4000,-1.0,0.2627551020408163,1.0510204081632653
7b,3000,0.1,0.33620689655172414,1.3448275862068966
1.1b,4000,-1.0,0.42905405405405406,1.7162162162162162
7b,3000,0.1,0.32471264367816094,1.2988505747126438
1.1b,4000,-1.0,0.3382352941176471,1.3529411764705883
1.1b,4000,-1.0,0.3765432098765432,1.5061728395061729
7b,3000,0.1,0.28763440860215056,1.1505376344086022
1.1b,4000,-1.0,0.2789473684210526,1.1157894736842104
7b,3000,0.1,0.42,1.68
1.1b,4000,-1.0,0.3829113924050633,1.5316455696202531
7b,3000,0.1,0.4963235294117647,1.9852941176470589
1.1b,4000,-1.0,0.3021978021978022,1.2087912087912087
7b,3000,0.1,0.29945054945054944,1.1978021978021978
1.1b,4000,-1.0,0.42567567567567566,1.7027027027027026
7b,3000,0.1,0.4852941176470588,1.9411764705882353
1.1b,4000,-1.0,0.31179775280898875,1.247191011235955
1.1b,4000,-1.0,0.3924050632911392,1.5696202531645569
7b,3000,0.1,0.2525,1.01
1.1b,4000,-1.0,0.36890243902439024,1.475609756097561
1.1b,4000,-1.0,0.4349315068493151,1.7397260273972603
1.1b,4000,-1.0,0.38125,1.525
1.1b,4000,-1.0,0.25495049504950495,1.0198019801980198
1.1b,4000,-1.0,0.3924050632911392,1.5696202531645569
1.1b,4000,-1.0,0.4647887323943662,1.8591549295774648
1.1b,4000,-1.0,0.3541666666666667,1.4166666666666667
1.1b,4000,-1.0,0.34411764705882353,1.3764705882352941
1.1b,4000,-1.0,0.28191489361702127,1.127659574468085
1.1b,4000,-1.0,0.3146067415730337,1.2584269662921348
7b,4000,0.1,0.28191489361702127,1.127659574468085
7b,4000,0.1,0.1437007874015748,0.5748031496062992
7b,4000,0.1,0.11151079136690648,0.4460431654676259
7b,4000,0.1,0.12593984962406016,0.5037593984962406
7b,4000,0.1,0.3924050632911392,1.5696202531645569
7b,4000,0.1,0.3860759493670886,1.5443037974683544
1.1b,8000,-1.0,0.36728395061728397,1.4691358024691359
1.1b,8000,-1.0,0.3942307692307692,1.5769230769230769
7b,4000,0.1,0.1437007874015748,0.5748031496062992
1.1b,8000,-1.0,0.2903225806451613,1.1612903225806452
7b,4000,0.1,0.25,1.0
7b,4000,0.1,0.6933962264150944,2.7735849056603774
1.1b,8000,-1.0,0.3146067415730337,1.2584269662921348
7b,4000,0.1,0.3829113924050633,1.5316455696202531
1.1b,8000,-1.0,0.3372093023255814,1.3488372093023255
1.1b,8000,-1.0,0.3275862068965517,1.3103448275862069
7b,4000,0.1,0.34523809523809523,1.380952380952381
1.1b,8000,-1.0,0.384375,1.5375
7b,4000,0.1,0.34411764705882353,1.3764705882352941
1.1b,8000,-1.0,0.30434782608695654,1.2173913043478262
7b,4000,0.1,0.08112582781456953,0.32450331125827814
1.1b,8000,-1.0,0.32670454545454547,1.3068181818181819
1.1b,8000,-1.0,0.32471264367816094,1.2988505747126438
7b,4000,0.1,0.16322314049586778,0.6528925619834711
1.1b,8000,-1.0,0.4166666666666667,1.6666666666666667
7b,4000,0.1,0.4889705882352941,1.9558823529411764
1.1b,8000,-1.0,0.3411764705882353,1.3647058823529412
7b,4000,0.1,0.2266355140186916,0.9065420560747663
1.1b,8000,-1.0,0.36890243902439024,1.475609756097561
1.1b,8000,-1.0,0.3275862068965517,1.3103448275862069
7b,4000,0.1,0.18220338983050846,0.7288135593220338
1.1b,8000,-1.0,0.35240963855421686,1.4096385542168675
7b,4000,0.1,0.34523809523809523,1.380952380952381
1.1b,8000,-1.0,0.5555555555555556,2.2222222222222223
7b,4000,0.1,0.2354368932038835,0.941747572815534
1.1b,8000,-1.0,0.28157894736842104,1.1263157894736842
1.1b,8000,-1.0,0.40789473684210525,1.631578947368421
7b,4000,0.1,0.12222222222222222,0.4888888888888889
1.1b,8000,-1.0,0.3146067415730337,1.2584269662921348
7b,4000,0.1,0.255050505050505,1.02020202020202
1.1b,8000,-1.0,0.42905405405405406,1.7162162162162162
1.1b,8000,-1.0,0.40384615384615385,1.6153846153846154
7b,4000,0.1,0.11413043478260869,0.45652173913043476
1.1b,8000,-1.0,0.4383561643835616,1.7534246575342465
7b,4000,0.1,0.3411764705882353,1.3647058823529412
1.1b,8000,-1.0,0.3942307692307692,1.5769230769230769
7b,4000,0.1,0.28763440860215056,1.1505376344086022
1.1b,8000,-1.0,0.3210227272727273,1.2840909090909092
7b,4000,0.1,0.16666666666666666,0.6666666666666666
1.1b,8000,-1.0,0.35843373493975905,1.4337349397590362
7b,4000,0.1,0.4144736842105263,1.6578947368421053
1.1b,8000,-1.0,0.3210227272727273,1.2840909090909092
1.1b,8000,-1.0,0.31179775280898875,1.247191011235955
7b,4000,0.1,0.14566929133858267,0.5826771653543307
1.1b,8000,-1.0,0.2653061224489796,1.0612244897959184
7b,4000,0.1,0.375,1.5
1.1b,8000,-1.0,0.29838709677419356,1.1935483870967742
7b,4000,0.1,0.24019607843137256,0.9607843137254902
1.1b,8000,-1.0,0.39935064935064934,1.5974025974025974
7b,4000,0.1,0.4391891891891892,1.7567567567567568
1.1b,8000,-1.0,0.3275862068965517,1.3103448275862069
7b,4000,0.1,0.34523809523809523,1.380952380952381
1.1b,8000,-1.0,0.45422535211267606,1.8169014084507042
7b,4000,0.1,0.5833333333333334,2.3333333333333335
1.1b,8000,-1.0,0.32471264367816094,1.2988505747126438
7b,4000,0.1,0.31179775280898875,1.247191011235955
1.1b,8000,-1.0,0.42105263157894735,1.6842105263157894
1.1b,8000,-1.0,0.2602040816326531,1.0408163265306123
7b,4000,0.1,0.140625,0.5625
1.1b,8000,-1.0,0.3333333333333333,1.3333333333333333
7b,4000,0.1,0.3829113924050633,1.5316455696202531
1.1b,8000,-1.0,0.3016304347826087,1.2065217391304348
7b,4000,0.1,0.1565040650406504,0.6260162601626016
1.1b,8000,-1.0,0.41233766233766234,1.6493506493506493
1.1b,8000,-1.0,0.3181818181818182,1.2727272727272727
7b,4000,0.1,0.16666666666666666,0.6666666666666666
1.1b,8000,-1.0,0.4383561643835616,1.7534246575342465
7b,4000,0.1,0.40789473684210525,1.631578947368421
1.1b,8000,-1.0,0.39556962025316456,1.5822784810126582
7b,4000,0.1,0.3829113924050633,1.5316455696202531
1.1b,8000,-1.0,0.31179775280898875,1.247191011235955
7b,4000,0.1,0.1346153846153846,0.5384615384615384
1.1b,8000,-1.0,0.2240566037735849,0.8962264150943396
7b,4000,0.1,0.5227272727272727,2.090909090909091
1.1b,8000,-1.0,0.3597560975609756,1.4390243902439024
7b,4000,0.1,0.1810344827586207,0.7241379310344828
1.1b,8000,-1.0,0.3181818181818182,1.2727272727272727
1.1b,8000,-1.0,0.391025641025641,1.564102564102564
7b,4000,0.1,0.3055555555555556,1.2222222222222223
1.1b,8000,-1.0,0.26804123711340205,1.0721649484536082
7b,4000,0.1,0.1598360655737705,0.639344262295082
1.1b,8000,-1.0,0.3411764705882353,1.3647058823529412
7b,4000,0.1,0.2654639175257732,1.0618556701030928
1.1b,8000,-1.0,0.6805555555555556,2.7222222222222223
1.1b,8000,-1.0,0.3628048780487805,1.451219512195122
7b,4000,0.1,0.1722689075630252,0.6890756302521008
1.1b,8000,-1.0,0.31179775280898875,1.247191011235955
7b,4000,0.1,0.25,1.0
1.1b,8000,-1.0,0.37962962962962965,1.5185185185185186
7b,4000,0.1,0.32471264367816094,1.2988505747126438
1.1b,8000,-1.0,0.296195652173913,1.184782608695652
1.1b,8000,-1.0,0.5307692307692308,2.123076923076923
7b,4000,0.1,0.18478260869565216,0.7391304347826086
1.1b,8000,-1.0,0.35843373493975905,1.4337349397590362
7b,4000,0.1,0.17372881355932204,0.6949152542372882
1.1b,8000,-1.0,0.42,1.68
7b,4000,0.1,0.39935064935064934,1.5974025974025974
1.1b,8000,-1.0,0.3829113924050633,1.5316455696202531
7b,4000,0.1,0.40584415584415584,1.6233766233766234
1.1b,8000,-1.0,0.30833333333333335,1.2333333333333334
1.1b,8000,-1.0,0.42,1.68
7b,4000,0.1,0.27631578947368424,1.105263157894737
1.1b,8000,-1.0,0.3482142857142857,1.3928571428571428
7b,4000,0.1,0.2653061224489796,1.0612244897959184
1.1b,8000,-1.0,0.3055555555555556,1.2222222222222223
7b,4000,0.1,0.28763440860215056,1.1505376344086022
1.1b,8000,-1.0,0.35542168674698793,1.4216867469879517
1.1b,8000,-1.0,0.375,1.5
7b,4000,0.1,0.10971223021582734,0.43884892086330934
1.1b,8000,-1.0,0.3628048780487805,1.451219512195122
7b,4000,0.1,0.27319587628865977,1.092783505154639
1.1b,8000,-1.0,0.3275862068965517,1.3103448275862069
7b,4000,0.1,0.29945054945054944,1.1978021978021978
1.1b,8000,-1.0,0.3541666666666667,1.4166666666666667
1.1b,8000,-1.0,0.39935064935064934,1.5974025974025974
7b,4000,0.1,0.1532258064516129,0.6129032258064516
1.1b,8000,-1.0,0.3411764705882353,1.3647058823529412
7b,4000,0.1,0.4889705882352941,1.9558823529411764
1.1b,8000,-1.0,0.29945054945054944,1.1978021978021978
7b,4000,0.1,0.35240963855421686,1.4096385542168675
1.1b,8000,-1.0,0.503731343283582,2.014925373134328
7b,4000,0.1,0.12037037037037036,0.48148148148148145
1.1b,8000,-1.0,0.255050505050505,1.02020202020202
7b,4000,0.1,0.39935064935064934,1.5974025974025974
1.1b,8000,-1.0,0.2872340425531915,1.148936170212766
7b,4000,0.1,0.30833333333333335,1.2333333333333334
1.1b,8000,-1.0,0.31179775280898875,1.247191011235955
1.1b,8000,-1.0,0.3942307692307692,1.5769230769230769
7b,4000,0.1,0.1346153846153846,0.5384615384615384
1.1b,8000,-1.0,0.31043956043956045,1.2417582417582418
7b,4000,0.1,0.29945054945054944,1.1978021978021978
1.1b,8000,-1.0,0.3614457831325301,1.4457831325301205
7b,4000,0.1,0.5230769230769231,2.0923076923076924
1.1b,8000,-1.0,0.2072072072072072,0.8288288288288288
7b,4000,0.1,0.1810344827586207,0.7241379310344828
1.1b,8000,-1.0,0.25,1.0
7b,4000,0.1,0.4852941176470588,1.9411764705882353
1.1b,8000,-1.0,0.4025974025974026,1.6103896103896105
1.1b,8000,-1.0,0.4349315068493151,1.7397260273972603
7b,4000,0.1,0.1532258064516129,0.6129032258064516
1.1b,8000,-1.0,0.378125,1.5125
7b,4000,0.1,0.4444444444444444,1.7777777777777777
1.1b,8000,-1.0,0.378125,1.5125
7b,4000,0.1,0.28157894736842104,1.1263157894736842
1.1b,8000,-1.0,0.3430232558139535,1.372093023255814
7b,4000,0.1,0.35240963855421686,1.4096385542168675
1.1b,8000,-1.0,0.3055555555555556,1.2222222222222223
7b,4000,0.1,0.375,1.5
1.1b,8000,-1.0,0.39935064935064934,1.5974025974025974
7b,4000,0.1,0.27631578947368424,1.105263157894737
1.1b,8000,-1.0,0.37037037037037035,1.4814814814814814
7b,4000,0.1,0.25,1.0
1.1b,8000,-1.0,0.29347826086956524,1.173913043478261
1.1b,8000,-1.0,0.28763440860215056,1.1505376344086022
7b,4000,0.1,0.10460992907801418,0.41843971631205673
1.1b,8000,-1.0,0.27631578947368424,1.105263157894737
7b,4000,0.1,0.21100917431192662,0.8440366972477065
1.1b,8000,-1.0,0.3313953488372093,1.3255813953488371
7b,4000,0.1,0.2261904761904762,0.9047619047619048
1.1b,8000,-1.0,0.32303370786516855,1.2921348314606742
7b,4000,0.1,0.4166666666666667,1.6666666666666667
1.1b,8000,-1.0,0.34523809523809523,1.380952380952381
7b,4000,0.1,0.4746376811594203,1.8985507246376812
1.1b,8000,-1.0,0.3016304347826087,1.2065217391304348
1.1b,8000,-1.0,0.3765432098765432,1.5061728395061729
7b,4000,0.1,0.17735042735042736,0.7094017094017094
1.1b,8000,-1.0,0.30833333333333335,1.2333333333333334
7b,4000,0.1,0.10460992907801418,0.41843971631205673
1.1b,8000,-1.0,0.3541666666666667,1.4166666666666667
1.1b,8000,-1.0,0.2760416666666667,1.1041666666666667
7b,4000,0.1,0.1810344827586207,0.7241379310344828
1.1b,8000,-1.0,0.2845744680851064,1.1382978723404256
7b,4000,0.1,0.3181818181818182,1.2727272727272727
1.1b,8000,-1.0,0.378125,1.5125
7b,4000,0.1,0.2354368932038835,0.941747572815534
1.1b,8000,-1.0,0.34523809523809523,1.380952380952381
7b,4000,0.1,0.1652892561983471,0.6611570247933884
1.1b,8000,-1.0,0.3829113924050633,1.5316455696202531
1.1b,8000,-1.0,0.31741573033707865,1.2696629213483146
7b,4000,0.1,0.20045045045045046,0.8018018018018018
1.1b,8000,-1.0,0.3021978021978022,1.2087912087912087
7b,4000,0.1,0.08333333333333333,0.3333333333333333
1.1b,8000,-1.0,0.3411764705882353,1.3647058823529412
1.1b,8000,-1.0,0.28157894736842104,1.1263157894736842
7b,4000,0.1,0.1488095238095238,0.5952380952380952
1.1b,8000,-1.0,0.3055555555555556,1.2222222222222223
7b,4000,0.1,0.4963235294117647,1.9852941176470589
1.1b,8000,-1.0,0.36728395061728397,1.4691358024691359
7b,4000,0.1,0.2708333333333333,1.0833333333333333
1.1b,8000,-1.0,0.32670454545454547,1.3068181818181819
7b,4000,0.1,0.28191489361702127,1.127659574468085
1.1b,8000,-1.0,0.32954545454545453,1.3181818181818181
7b,4000,0.1,0.31179775280898875,1.247191011235955
1.1b,8000,-1.0,0.29945054945054944,1.1978021978021978
7b,4000,0.1,0.17796610169491525,0.711864406779661
1.1b,8000,-1.0,0.29347826086956524,1.173913043478261
1.1b,8000,-1.0,0.5111940298507462,2.044776119402985
7b,4000,0.1,0.2152777777777778,0.8611111111111112
1.1b,8000,-1.0,0.41118421052631576,1.644736842105263
7b,4000,0.1,0.23076923076923078,0.9230769230769231
1.1b,8000,-1.0,0.3829113924050633,1.5316455696202531
7b,4000,0.1,0.4166666666666667,1.6666666666666667
1.1b,8000,-1.0,0.34411764705882353,1.3764705882352941
1.1b,8000,-1.0,0.3055555555555556,1.2222222222222223
7b,4000,0.1,0.24029126213592233,0.9611650485436893
1.1b,8000,-1.0,0.31741573033707865,1.2696629213483146
7b,4000,0.1,0.17584745762711865,0.7033898305084746
1.1b,8000,-1.0,0.2845744680851064,1.1382978723404256
7b,4000,0.1,0.4963235294117647,1.9852941176470589
1.1b,8000,-1.0,0.3210227272727273,1.2840909090909092
7b,4000,0.1,0.3860759493670886,1.5443037974683544
1.1b,8000,-1.0,0.375,1.5
7b,4000,0.1,0.1858974358974359,0.7435897435897436
1.1b,8000,-1.0,0.28763440860215056,1.1505376344086022
7b,4000,0.1,0.28157894736842104,1.1263157894736842
1.1b,8000,-1.0,0.3482142857142857,1.3928571428571428
7b,4000,0.1,0.140625,0.5625
7b,4000,0.1,0.2845744680851064,1.1382978723404256
7b,4000,0.1,0.2354368932038835,0.941747572815534
7b,4000,0.1,0.4349315068493151,1.7397260273972603
7b,4000,0.1,0.3924050632911392,1.5696202531645569
7b,4000,0.1,0.2524752475247525,1.00990099009901
1.1b,16000,-1.0,0.4025974025974026,1.6103896103896105
7b,4000,0.1,0.1565040650406504,0.6260162601626016
1.1b,16000,-1.0,0.3181818181818182,1.2727272727272727
7b,4000,0.1,0.1810344827586207,0.7241379310344828
7b,4000,0.1,0.2261904761904762,0.9047619047619048
1.1b,16000,-1.0,0.3482142857142857,1.3928571428571428
7b,4000,0.1,0.2426470588235294,0.9705882352941176
1.1b,16000,-1.0,0.29347826086956524,1.173913043478261
7b,4000,0.1,0.25,1.0
1.1b,16000,-1.0,0.29347826086956524,1.173913043478261
7b,4000,0.1,0.19642857142857142,0.7857142857142857
1.1b,16000,-1.0,0.36728395061728397,1.4691358024691359
7b,4000,0.1,0.15,0.6
7b,4000,0.1,0.26,1.04
1.1b,16000,-1.0,0.29891304347826086,1.1956521739130435
7b,4000,0.1,0.3275862068965517,1.3103448275862069
1.1b,16000,-1.0,0.378125,1.5125
7b,4000,0.1,0.08783783783783784,0.35135135135135137
1.1b,16000,-1.0,0.4548611111111111,1.8194444444444444
7b,4000,0.1,0.08783783783783784,0.35135135135135137
1.1b,16000,-1.0,0.2654639175257732,1.0618556701030928
7b,4000,0.1,0.35542168674698793,1.4216867469879517
1.1b,16000,-1.0,0.28763440860215056,1.1505376344086022
1.1b,16000,-1.0,0.4090909090909091,1.6363636363636365
1.1b,16000,-1.0,0.32471264367816094,1.2988505747126438
1.1b,16000,-1.0,0.2898936170212766,1.1595744680851063
1.1b,16000,-1.0,0.1346153846153846,0.5384615384615384
1.1b,16000,-1.0,0.41118421052631576,1.644736842105263
7b,8000,0.1,0.08557046979865772,0.3422818791946309
1.1b,16000,-1.0,0.3275862068965517,1.3103448275862069
7b,8000,0.1,0.22857142857142856,0.9142857142857143
7b,8000,0.1,0.24019607843137256,0.9607843137254902
1.1b,16000,-1.0,0.34523809523809523,1.380952380952381
7b,8000,0.1,0.20089285714285715,0.8035714285714286
1.1b,16000,-1.0,0.2654639175257732,1.0618556701030928
7b,8000,0.1,0.34523809523809523,1.380952380952381
1.1b,16000,-1.0,0.34523809523809523,1.380952380952381
7b,8000,0.1,0.12878787878787878,0.5151515151515151
1.1b,16000,-1.0,0.41233766233766234,1.6493506493506493
7b,8000,0.1,0.28763440860215056,1.1505376344086022
1.1b,16000,-1.0,0.31741573033707865,1.2696629213483146
7b,8000,0.1,0.07258064516129033,0.2903225806451613
1.1b,16000,-1.0,0.3146067415730337,1.2584269662921348
7b,8000,0.1,0.33430232558139533,1.3372093023255813
1.1b,16000,-1.0,0.35240963855421686,1.4096385542168675
7b,8000,0.1,0.09655172413793103,0.38620689655172413
1.1b,16000,-1.0,0.34011627906976744,1.3604651162790697
7b,8000,0.1,0.21728971962616822,0.8691588785046729
1.1b,16000,-1.0,0.296195652173913,1.184782608695652
7b,8000,0.1,0.19642857142857142,0.7857142857142857
1.1b,16000,-1.0,0.33430232558139533,1.3372093023255813
7b,8000,0.1,0.12781954887218044,0.5112781954887218
1.1b,16000,-1.0,0.375,1.5
7b,8000,0.1,0.19642857142857142,0.7857142857142857
1.1b,16000,-1.0,0.3275862068965517,1.3103448275862069
7b,8000,0.1,0.17735042735042736,0.7094017094017094
1.1b,16000,-1.0,0.31179775280898875,1.247191011235955
7b,8000,0.1,0.24504950495049505,0.9801980198019802
1.1b,16000,-1.0,0.35843373493975905,1.4337349397590362
7b,8000,0.1,0.07679738562091504,0.30718954248366015
1.1b,16000,-1.0,0.3275862068965517,1.3103448275862069
7b,8000,0.1,0.12037037037037036,0.48148148148148145
1.1b,16000,-1.0,0.3021978021978022,1.2087912087912087
1.1b,16000,-1.0,0.33045977011494254,1.3218390804597702
7b,8000,0.1,0.07467532467532467,0.2987012987012987
1.1b,16000,-1.0,0.2575,1.03
7b,8000,0.1,0.11496350364963503,0.45985401459854014
1.1b,16000,-1.0,0.296195652173913,1.184782608695652
7b,8000,0.1,0.08557046979865772,0.3422818791946309
1.1b,16000,-1.0,0.3372093023255814,1.3488372093023255
7b,8000,0.1,0.1437007874015748,0.5748031496062992
1.1b,16000,-1.0,0.38125,1.525
7b,8000,0.1,0.14682539682539683,0.5873015873015873
1.1b,16000,-1.0,0.3181818181818182,1.2727272727272727
7b,8000,0.1,0.11496350364963503,0.45985401459854014
1.1b,16000,-1.0,0.33045977011494254,1.3218390804597702
7b,8000,0.1,0.1598360655737705,0.639344262295082
1.1b,16000,-1.0,0.3111111111111111,1.2444444444444445
7b,8000,0.1,0.17584745762711865,0.7033898305084746
1.1b,16000,-1.0,0.4358108108108108,1.7432432432432432
7b,8000,0.1,0.2175925925925926,0.8703703703703703
1.1b,16000,-1.0,0.22857142857142856,0.9142857142857143
7b,8000,0.1,0.20045045045045046,0.8018018018018018
1.1b,16000,-1.0,0.5075757575757576,2.0303030303030303
7b,8000,0.1,0.10971223021582734,0.43884892086330934
1.1b,16000,-1.0,0.4782608695652174,1.9130434782608696
7b,8000,0.1,0.17735042735042736,0.7094017094017094
1.1b,16000,-1.0,0.3382352941176471,1.3529411764705883
7b,8000,0.1,0.32670454545454547,1.3068181818181819
1.1b,16000,-1.0,0.3138888888888889,1.2555555555555555
7b,8000,0.1,0.53125,2.125
1.1b,16000,-1.0,0.36585365853658536,1.4634146341463414
7b,8000,0.1,0.09965034965034965,0.3986013986013986
1.1b,16000,-1.0,0.46785714285714286,1.8714285714285714
7b,8000,0.1,0.12407407407407407,0.4962962962962963
1.1b,16000,-1.0,0.3382352941176471,1.3529411764705883
1.1b,16000,-1.0,0.39935064935064934,1.5974025974025974
7b,8000,0.1,0.05303030303030303,0.21212121212121213
1.1b,16000,-1.0,0.35240963855421686,1.4096385542168675
7b,8000,0.1,0.1375968992248062,0.5503875968992248
1.1b,16000,-1.0,0.2602040816326531,1.0408163265306123
7b,8000,0.1,0.07051282051282051,0.28205128205128205
1.1b,16000,-1.0,0.32471264367816094,1.2988505747126438
7b,8000,0.1,0.18478260869565216,0.7391304347826086
1.1b,16000,-1.0,0.35240963855421686,1.4096385542168675
7b,8000,0.1,0.10971223021582734,0.43884892086330934
1.1b,16000,-1.0,0.5113636363636364,2.0454545454545454
7b,8000,0.1,0.19078947368421054,0.7631578947368421
1.1b,16000,-1.0,0.29347826086956524,1.173913043478261
7b,8000,0.1,0.3382352941176471,1.3529411764705883
1.1b,16000,-1.0,0.3597560975609756,1.4390243902439024
7b,8000,0.1,0.09722222222222222,0.3888888888888889
1.1b,16000,-1.0,0.296195652173913,1.184782608695652
7b,8000,0.1,0.12593984962406016,0.5037593984962406
1.1b,16000,-1.0,0.2602040816326531,1.0408163265306123
7b,8000,0.1,0.23317307692307693,0.9326923076923077
1.1b,16000,-1.0,0.40789473684210525,1.631578947368421
7b,8000,0.1,0.19642857142857142,0.7857142857142857
1.1b,16000,-1.0,0.3482142857142857,1.3928571428571428
7b,8000,0.1,0.09965034965034965,0.3986013986013986
1.1b,16000,-1.0,0.33045977011494254,1.3218390804597702
7b,8000,0.1,0.11764705882352941,0.47058823529411764
1.1b,16000,-1.0,0.36728395061728397,1.4691358024691359
7b,8000,0.1,0.18478260869565216,0.7391304347826086
1.1b,16000,-1.0,0.3202247191011236,1.2808988764044944
7b,8000,0.1,0.1346153846153846,0.5384615384615384
1.1b,16000,-1.0,0.26804123711340205,1.0721649484536082
7b,8000,0.1,0.29945054945054944,1.1978021978021978
1.1b,16000,-1.0,0.6206896551724138,2.4827586206896552
7b,8000,0.1,0.07679738562091504,0.30718954248366015
1.1b,16000,-1.0,0.33620689655172414,1.3448275862068966
1.1b,16000,-1.0,0.255050505050505,1.02020202020202
7b,8000,0.1,0.08783783783783784,0.35135135135135137
1.1b,16000,-1.0,0.35542168674698793,1.4216867469879517
7b,8000,0.1,0.10714285714285714,0.42857142857142855
1.1b,16000,-1.0,0.3482142857142857,1.3928571428571428
7b,8000,0.1,0.34523809523809523,1.380952380952381
1.1b,16000,-1.0,0.42333333333333334,1.6933333333333334
7b,8000,0.1,0.24029126213592233,0.9611650485436893
7b,8000,0.1,0.3055555555555556,1.2222222222222223
1.1b,16000,-1.0,0.30833333333333335,1.2333333333333334
7b,8000,0.1,0.2872340425531915,1.148936170212766
1.1b,16000,-1.0,0.32471264367816094,1.2988505747126438
7b,8000,0.1,0.21296296296296297,0.8518518518518519
1.1b,16000,-1.0,0.3860759493670886,1.5443037974683544
7b,8000,0.1,0.2602040816326531,1.0408163265306123
1.1b,16000,-1.0,0.2602040816326531,1.0408163265306123
7b,8000,0.1,0.2152777777777778,0.8611111111111112
1.1b,16000,-1.0,0.25757575757575757,1.0303030303030303
7b,8000,0.1,0.12037037037037036,0.48148148148148145
1.1b,16000,-1.0,0.28763440860215056,1.1505376344086022
7b,8000,0.1,0.23076923076923078,0.9230769230769231
1.1b,16000,-1.0,0.4479166666666667,1.7916666666666667
7b,8000,0.1,0.19078947368421054,0.7631578947368421
1.1b,16000,-1.0,0.4383561643835616,1.7534246575342465
7b,8000,0.1,0.35240963855421686,1.4096385542168675
1.1b,16000,-1.0,0.4612676056338028,1.8450704225352113
7b,8000,0.1,0.07006369426751592,0.2802547770700637
1.1b,16000,-1.0,0.40789473684210525,1.631578947368421
1.1b,16000,-1.0,0.54296875,2.171875
7b,8000,0.1,0.09013605442176871,0.36054421768707484
1.1b,16000,-1.0,0.32471264367816094,1.2988505747126438
7b,8000,0.1,0.1346153846153846,0.5384615384615384
1.1b,16000,-1.0,0.4852941176470588,1.9411764705882353
7b,8000,0.1,0.21962616822429906,0.8785046728971962
1.1b,16000,-1.0,0.40384615384615385,1.6153846153846154
7b,8000,0.1,0.1346153846153846,0.5384615384615384
1.1b,16000,-1.0,0.4025974025974026,1.6103896103896105
7b,8000,0.1,0.20871559633027523,0.8348623853211009
1.1b,16000,-1.0,0.28157894736842104,1.1263157894736842
7b,8000,0.1,0.09482758620689655,0.3793103448275862
1.1b,16000,-1.0,0.42905405405405406,1.7162162162162162
7b,8000,0.1,0.12313432835820895,0.4925373134328358
1.1b,16000,-1.0,0.3430232558139535,1.372093023255814
7b,8000,0.1,0.24504950495049505,0.9801980198019802
1.1b,16000,-1.0,0.4962686567164179,1.9850746268656716
7b,8000,0.1,0.3382352941176471,1.3529411764705883
1.1b,16000,-1.0,0.41118421052631576,1.644736842105263
7b,8000,0.1,0.07467532467532467,0.2987012987012987
1.1b,16000,-1.0,0.3382352941176471,1.3529411764705883
7b,8000,0.1,0.152,0.608
1.1b,16000,-1.0,0.28763440860215056,1.1505376344086022
7b,8000,0.1,0.1375968992248062,0.5503875968992248
1.1b,16000,-1.0,0.21296296296296297,0.8518518518518519
7b,8000,0.1,0.07258064516129033,0.2903225806451613
1.1b,16000,-1.0,0.3138888888888889,1.2555555555555555
7b,8000,0.1,0.27631578947368424,1.105263157894737
1.1b,16000,-1.0,0.30833333333333335,1.2333333333333334
7b,8000,0.1,0.19690265486725664,0.7876106194690266
1.1b,16000,-1.0,0.4025974025974026,1.6103896103896105
7b,8000,0.1,0.1375968992248062,0.5503875968992248
1.1b,16000,-1.0,0.3382352941176471,1.3529411764705883
1.1b,16000,-1.0,0.28191489361702127,1.127659574468085
7b,8000,0.1,0.07679738562091504,0.30718954248366015
1.1b,16000,-1.0,0.4025974025974026,1.6103896103896105
7b,8000,0.1,0.12037037037037036,0.48148148148148145
1.1b,16000,-1.0,0.4962686567164179,1.9850746268656716
7b,8000,0.1,0.1375968992248062,0.5503875968992248
1.1b,16000,-1.0,0.37037037037037035,1.4814814814814814
7b,8000,0.1,0.1437007874015748,0.5748031496062992
1.1b,16000,-1.0,0.35240963855421686,1.4096385542168675
7b,8000,0.1,0.18859649122807018,0.7543859649122807
1.1b,16000,-1.0,0.3055555555555556,1.2222222222222223
7b,8000,0.1,0.1287313432835821,0.5149253731343284
1.1b,16000,-1.0,0.40789473684210525,1.631578947368421
7b,8000,0.1,0.06055900621118013,0.2422360248447205
1.1b,16000,-1.0,0.34011627906976744,1.3604651162790697
7b,8000,0.1,0.22169811320754718,0.8867924528301887
1.1b,16000,-1.0,0.26262626262626265,1.0505050505050506
7b,8000,0.1,0.1375968992248062,0.5503875968992248
1.1b,16000,-1.0,0.2956989247311828,1.1827956989247312
7b,8000,0.1,0.16056910569105692,0.6422764227642277
1.1b,16000,-1.0,0.5564516129032258,2.225806451612903
1.1b,16000,-1.0,0.36585365853658536,1.4634146341463414
7b,8000,0.1,0.08557046979865772,0.3422818791946309
1.1b,16000,-1.0,0.36585365853658536,1.4634146341463414
7b,8000,0.1,0.10211267605633803,0.4084507042253521
1.1b,16000,-1.0,0.3382352941176471,1.3529411764705883
7b,8000,0.1,0.1437007874015748,0.5748031496062992
1.1b,16000,-1.0,0.391025641025641,1.564102564102564
7b,8000,0.1,0.19642857142857142,0.7857142857142857
1.1b,16000,-1.0,0.29891304347826086,1.1956521739130435
7b,8000,0.1,0.20045045045045046,0.8018018018018018
1.1b,16000,-1.0,0.3275862068965517,1.3103448275862069
7b,8000,0.1,0.11231884057971014,0.4492753623188406
1.1b,16000,-1.0,0.3597560975609756,1.4390243902439024
7b,8000,0.1,0.10139860139860139,0.40559440559440557
1.1b,16000,-1.0,0.38125,1.525
7b,8000,0.1,0.11496350364963503,0.45985401459854014
1.1b,16000,-1.0,0.39935064935064934,1.5974025974025974
7b,8000,0.1,0.11496350364963503,0.45985401459854014
1.1b,16000,-1.0,0.3313953488372093,1.3255813953488371
7b,8000,0.1,0.16322314049586778,0.6528925619834711
1.1b,16000,-1.0,0.2627551020408163,1.0510204081632653
1.1b,16000,-1.0,0.31179775280898875,1.247191011235955
7b,8000,0.1,0.10460992907801418,0.41843971631205673
7b,8000,0.1,0.1565040650406504,0.6260162601626016
7b,8000,0.1,0.11496350364963503,0.45985401459854014
7b,8000,0.1,0.10460992907801418,0.41843971631205673
7b,8000,0.1,0.07679738562091504,0.30718954248366015
7b,8000,0.1,0.20454545454545456,0.8181818181818182
1.1b,24000,-1.0,0.28763440860215056,1.1505376344086022
7b,8000,0.1,0.09895833333333333,0.3958333333333333
1.1b,24000,-1.0,0.28191489361702127,1.127659574468085
7b,8000,0.1,0.12878787878787878,0.5151515151515151
1.1b,24000,-1.0,0.35843373493975905,1.4337349397590362
7b,8000,0.1,0.09013605442176871,0.36054421768707484
7b,8000,0.1,0.09655172413793103,0.38620689655172413
1.1b,24000,-1.0,0.2903225806451613,1.1612903225806452
7b,8000,0.1,0.2708333333333333,1.0833333333333333
1.1b,24000,-1.0,0.3644578313253012,1.4578313253012047
7b,8000,0.1,0.140625,0.5625
7b,8000,0.1,0.12878787878787878,0.5151515151515151
1.1b,24000,-1.0,0.38924050632911394,1.5569620253164558
7b,8000,0.1,0.06645569620253164,0.26582278481012656
1.1b,24000,-1.0,0.3055555555555556,1.2222222222222223
7b,8000,0.1,0.15,0.6
1.1b,24000,-1.0,0.24271844660194175,0.970873786407767
7b,8000,0.1,0.10460992907801418,0.41843971631205673
7b,8000,0.1,0.11231884057971014,0.4492753623188406
1.1b,24000,-1.0,0.3829113924050633,1.5316455696202531
7b,8000,0.1,0.08783783783783784,0.35135135135135137
1.1b,24000,-1.0,0.3275862068965517,1.3103448275862069
7b,8000,0.1,0.1437007874015748,0.5748031496062992
7b,8000,0.1,0.16666666666666666,0.6666666666666666
1.1b,24000,-1.0,0.2654639175257732,1.0618556701030928
7b,8000,0.1,0.1316793893129771,0.5267175572519084
1.1b,24000,-1.0,0.3016304347826087,1.2065217391304348
1.1b,24000,-1.0,0.30494505494505497,1.2197802197802199
1.1b,24000,-1.0,0.35542168674698793,1.4216867469879517
1.1b,24000,-1.0,0.391025641025641,1.564102564102564
7b,16000,0.1,0.25,1.0
1.1b,24000,-1.0,0.42567567567567566,1.7027027027027026
7b,16000,0.1,0.1565040650406504,0.6260162601626016
1.1b,24000,-1.0,0.378125,1.5125
7b,16000,0.1,0.10971223021582734,0.43884892086330934
1.1b,24000,-1.0,0.23076923076923078,0.9230769230769231
7b,16000,0.1,0.03248587570621469,0.12994350282485875
1.1b,24000,-1.0,0.3016304347826087,1.2065217391304348
7b,16000,0.1,0.140625,0.5625
1.1b,24000,-1.0,0.30833333333333335,1.2333333333333334
7b,16000,0.1,0.08783783783783784,0.35135135135135137
1.1b,24000,-1.0,0.42,1.68
1.1b,24000,-1.0,0.3181818181818182,1.2727272727272727
7b,16000,0.1,0.06847133757961783,0.27388535031847133
1.1b,24000,-1.0,0.37037037037037035,1.4814814814814814
7b,16000,0.1,0.085,0.34
1.1b,24000,-1.0,0.34523809523809523,1.380952380952381
7b,16000,0.1,0.10211267605633803,0.4084507042253521
1.1b,24000,-1.0,0.40789473684210525,1.631578947368421
7b,16000,0.1,0.040697674418604654,0.16279069767441862
1.1b,24000,-1.0,0.21728971962616822,0.8691588785046729
7b,16000,0.1,0.09722222222222222,0.3888888888888889
1.1b,24000,-1.0,0.31179775280898875,1.247191011235955
7b,16000,0.1,0.1437007874015748,0.5748031496062992
1.1b,24000,-1.0,0.42567567567567566,1.7027027027027026
7b,16000,0.1,0.1598360655737705,0.639344262295082
1.1b,24000,-1.0,0.2760416666666667,1.1041666666666667
7b,16000,0.1,0.1810344827586207,0.7241379310344828
1.1b,24000,-1.0,0.3275862068965517,1.3103448275862069
7b,16000,0.1,0.11948529411764706,0.47794117647058826
1.1b,24000,-1.0,0.24019607843137256,0.9607843137254902
7b,16000,0.1,0.10139860139860139,0.40559440559440557
1.1b,24000,-1.0,0.4090909090909091,1.6363636363636365
7b,16000,0.1,0.09246575342465753,0.3698630136986301
1.1b,24000,-1.0,0.3372093023255814,1.3488372093023255
7b,16000,0.1,0.07467532467532467,0.2987012987012987
1.1b,24000,-1.0,0.296195652173913,1.184782608695652
7b,16000,0.1,0.15,0.6
1.1b,24000,-1.0,0.40384615384615385,1.6153846153846154
7b,16000,0.1,0.08952702702702703,0.3581081081081081
1.1b,24000,-1.0,0.3055555555555556,1.2222222222222223
7b,16000,0.1,0.09693877551020408,0.3877551020408163
1.1b,24000,-1.0,0.32471264367816094,1.2988505747126438
7b,16000,0.1,0.07258064516129033,0.2903225806451613
1.1b,24000,-1.0,0.29891304347826086,1.1956521739130435
1.1b,24000,-1.0,0.28191489361702127,1.127659574468085
7b,16000,0.1,0.04585798816568047,0.1834319526627219
1.1b,24000,-1.0,0.42567567567567566,1.7027027027027026
7b,16000,0.1,0.1722689075630252,0.6890756302521008
1.1b,24000,-1.0,0.49264705882352944,1.9705882352941178
7b,16000,0.1,0.07258064516129033,0.2903225806451613
1.1b,24000,-1.0,0.39935064935064934,1.5974025974025974
7b,16000,0.1,0.20454545454545456,0.8181818181818182
1.1b,24000,-1.0,0.28191489361702127,1.127659574468085
7b,16000,0.1,0.0935374149659864,0.3741496598639456
1.1b,24000,-1.0,0.32386363636363635,1.2954545454545454
7b,16000,0.1,0.09722222222222222,0.3888888888888889
1.1b,24000,-1.0,0.28763440860215056,1.1505376344086022
7b,16000,0.1,0.07679738562091504,0.30718954248366015
1.1b,24000,-1.0,0.38125,1.525
7b,16000,0.1,0.14682539682539683,0.5873015873015873
1.1b,24000,-1.0,0.32386363636363635,1.2954545454545454
7b,16000,0.1,0.08557046979865772,0.3422818791946309
1.1b,24000,-1.0,0.29347826086956524,1.173913043478261
7b,16000,0.1,0.1346153846153846,0.5384615384615384
1.1b,24000,-1.0,0.9090909090909091,3.6363636363636362
7b,16000,0.1,0.08783783783783784,0.35135135135135137
1.1b,24000,-1.0,0.3076923076923077,1.2307692307692308
7b,16000,0.1,0.10460992907801418,0.41843971631205673
1.1b,24000,-1.0,0.3372093023255814,1.3488372093023255
7b,16000,0.1,0.12037037037037036,0.48148148148148145
1.1b,24000,-1.0,0.27631578947368424,1.105263157894737
7b,16000,0.1,0.11678832116788321,0.46715328467153283
1.1b,24000,-1.0,0.3313953488372093,1.3255813953488371
7b,16000,0.1,0.1316793893129771,0.5267175572519084
1.1b,24000,-1.0,0.36728395061728397,1.4691358024691359
7b,16000,0.1,0.15,0.6
1.1b,24000,-1.0,0.38924050632911394,1.5569620253164558
7b,16000,0.1,0.17735042735042736,0.7094017094017094
1.1b,24000,-1.0,0.34523809523809523,1.380952380952381
7b,16000,0.1,0.09246575342465753,0.3698630136986301
1.1b,24000,-1.0,0.33430232558139533,1.3372093023255813
7b,16000,0.1,0.140625,0.5625
1.1b,24000,-1.0,0.2708333333333333,1.0833333333333333
7b,16000,0.1,0.10971223021582734,0.43884892086330934
1.1b,24000,-1.0,0.3275862068965517,1.3103448275862069
7b,16000,0.1,0.09482758620689655,0.3793103448275862
1.1b,24000,-1.0,0.3614457831325301,1.4457831325301205
7b,16000,0.1,0.1598360655737705,0.639344262295082
1.1b,24000,-1.0,0.22169811320754718,0.8867924528301887
7b,16000,0.1,0.09965034965034965,0.3986013986013986
1.1b,24000,-1.0,0.384375,1.5375
7b,16000,0.1,0.09482758620689655,0.3793103448275862
1.1b,24000,-1.0,0.3181818181818182,1.2727272727272727
1.1b,24000,-1.0,0.2708333333333333,1.0833333333333333
7b,16000,0.1,0.04940119760479042,0.19760479041916168
1.1b,24000,-1.0,0.35542168674698793,1.4216867469879517
7b,16000,0.1,0.07894736842105263,0.3157894736842105
1.1b,24000,-1.0,0.32386363636363635,1.2954545454545454
7b,16000,0.1,0.09246575342465753,0.3698630136986301
1.1b,24000,-1.0,0.5346153846153846,2.1384615384615384
7b,16000,0.1,0.07258064516129033,0.2903225806451613
1.1b,24000,-1.0,0.33045977011494254,1.3218390804597702
7b,16000,0.1,0.25,1.0
1.1b,24000,-1.0,0.255050505050505,1.02020202020202
7b,16000,0.1,0.1316793893129771,0.5267175572519084
1.1b,24000,-1.0,0.42333333333333334,1.6933333333333334
7b,16000,0.1,0.07467532467532467,0.2987012987012987
1.1b,24000,-1.0,0.34523809523809523,1.380952380952381
7b,16000,0.1,0.1316793893129771,0.5267175572519084
1.1b,24000,-1.0,0.75,3.0
7b,16000,0.1,0.12313432835820895,0.4925373134328358
1.1b,24000,-1.0,0.384375,1.5375
7b,16000,0.1,0.08557046979865772,0.3422818791946309
1.1b,24000,-1.0,0.2734375,1.09375
7b,16000,0.1,0.07679738562091504,0.30718954248366015
1.1b,24000,-1.0,0.28421052631578947,1.1368421052631579
7b,16000,0.1,0.12878787878787878,0.5151515151515151
1.1b,24000,-1.0,0.3021978021978022,1.2087912087912087
7b,16000,0.1,0.20045045045045046,0.8018018018018018
1.1b,24000,-1.0,0.43243243243243246,1.7297297297297298
7b,16000,0.1,0.21296296296296297,0.8518518518518519
1.1b,24000,-1.0,0.391025641025641,1.564102564102564
7b,16000,0.1,0.06847133757961783,0.27388535031847133
1.1b,24000,-1.0,0.53125,2.125
7b,16000,0.1,0.09013605442176871,0.36054421768707484
1.1b,24000,-1.0,0.35240963855421686,1.4096385542168675
7b,16000,0.1,0.15853658536585366,0.6341463414634146
1.1b,24000,-1.0,0.34523809523809523,1.380952380952381
7b,16000,0.1,0.10387323943661972,0.4154929577464789
1.1b,24000,-1.0,0.28763440860215056,1.1505376344086022
7b,16000,0.1,0.12593984962406016,0.5037593984962406
1.1b,24000,-1.0,0.23317307692307693,0.9326923076923077
7b,16000,0.1,0.10971223021582734,0.43884892086330934
1.1b,24000,-1.0,0.3482142857142857,1.3928571428571428
7b,16000,0.1,0.05303030303030303,0.21212121212121213
1.1b,24000,-1.0,0.3210227272727273,1.2840909090909092
7b,16000,0.1,0.13068181818181818,0.5227272727272727
1.1b,24000,-1.0,0.1598360655737705,0.639344262295082
7b,16000,0.1,0.12037037037037036,0.48148148148148145
1.1b,24000,-1.0,0.378125,1.5125
7b,16000,0.1,0.11231884057971014,0.4492753623188406
1.1b,24000,-1.0,0.33430232558139533,1.3372093023255813
7b,16000,0.1,0.10714285714285714,0.42857142857142855
1.1b,24000,-1.0,0.2175925925925926,0.8703703703703703
7b,16000,0.1,0.11151079136690648,0.4460431654676259
1.1b,24000,-1.0,0.255050505050505,1.02020202020202
7b,16000,0.1,0.11496350364963503,0.45985401459854014
1.1b,24000,-1.0,0.41118421052631576,1.644736842105263
1.1b,24000,-1.0,0.43243243243243246,1.7297297297297298
7b,16000,0.1,0.07467532467532467,0.2987012987012987
1.1b,24000,-1.0,0.36728395061728397,1.4691358024691359
7b,16000,0.1,0.10460992907801418,0.41843971631205673
1.1b,24000,-1.0,0.3382352941176471,1.3529411764705883
7b,16000,0.1,0.140625,0.5625
1.1b,24000,-1.0,0.42,1.68
7b,16000,0.1,0.11231884057971014,0.4492753623188406
1.1b,24000,-1.0,0.3382352941176471,1.3529411764705883
7b,16000,0.1,0.10211267605633803,0.4084507042253521
1.1b,24000,-1.0,0.391025641025641,1.564102564102564
7b,16000,0.1,0.07894736842105263,0.3157894736842105
1.1b,24000,-1.0,0.3829113924050633,1.5316455696202531
7b,16000,0.1,0.1532258064516129,0.6129032258064516
1.1b,24000,-1.0,0.3181818181818182,1.2727272727272727
7b,16000,0.1,0.11231884057971014,0.4492753623188406
1.1b,24000,-1.0,0.2872340425531915,1.148936170212766
7b,16000,0.1,0.09722222222222222,0.3888888888888889
1.1b,24000,-1.0,0.3382352941176471,1.3529411764705883
7b,16000,0.1,0.18478260869565216,0.7391304347826086
1.1b,24000,-1.0,0.7163461538461539,2.8653846153846154
7b,16000,0.1,0.23786407766990292,0.9514563106796117
1.1b,24000,-1.0,0.3482142857142857,1.3928571428571428
7b,16000,0.1,0.08783783783783784,0.35135135135135137
1.1b,24000,-1.0,0.32471264367816094,1.2988505747126438
7b,16000,0.1,0.08557046979865772,0.3422818791946309
1.1b,24000,-1.0,0.4025974025974026,1.6103896103896105
7b,16000,0.1,0.07051282051282051,0.28205128205128205
1.1b,24000,-1.0,0.33430232558139533,1.3372093023255813
7b,16000,0.1,0.08557046979865772,0.3422818791946309
1.1b,24000,-1.0,0.255050505050505,1.02020202020202
7b,16000,0.1,0.09722222222222222,0.3888888888888889
1.1b,24000,-1.0,0.2706185567010309,1.0824742268041236
7b,16000,0.1,0.07467532467532467,0.2987012987012987
1.1b,24000,-1.0,0.3829113924050633,1.5316455696202531
7b,16000,0.1,0.06847133757961783,0.27388535031847133
1.1b,24000,-1.0,0.3411764705882353,1.3647058823529412
7b,16000,0.1,0.12593984962406016,0.5037593984962406
1.1b,24000,-1.0,0.31666666666666665,1.2666666666666666
7b,16000,0.1,0.10211267605633803,0.4084507042253521
1.1b,24000,-1.0,0.29891304347826086,1.1956521739130435
7b,16000,0.1,0.06847133757961783,0.27388535031847133
1.1b,24000,-1.0,0.3055555555555556,1.2222222222222223
1.1b,24000,-1.0,0.3372093023255814,1.3488372093023255
7b,16000,0.1,0.07679738562091504,0.30718954248366015
1.1b,24000,-1.0,0.41776315789473684,1.6710526315789473
7b,16000,0.1,0.06645569620253164,0.26582278481012656
1.1b,24000,-1.0,0.2601010101010101,1.0404040404040404
7b,16000,0.1,0.09013605442176871,0.36054421768707484
1.1b,24000,-1.0,0.4479166666666667,1.7916666666666667
7b,16000,0.1,0.18859649122807018,0.7543859649122807
1.1b,24000,-1.0,0.5075757575757576,2.0303030303030303
7b,16000,0.1,0.09013605442176871,0.36054421768707484
1.1b,24000,-1.0,0.29945054945054944,1.1978021978021978
7b,16000,0.1,0.026243093922651933,0.10497237569060773
1.1b,24000,-1.0,0.3628048780487805,1.451219512195122
7b,16000,0.1,0.09183673469387756,0.3673469387755102
1.1b,24000,-1.0,0.34011627906976744,1.3604651162790697
7b,16000,0.1,0.29945054945054944,1.1978021978021978
1.1b,24000,-1.0,0.32386363636363635,1.2954545454545454
7b,16000,0.1,0.09013605442176871,0.36054421768707484
7b,16000,0.1,0.08557046979865772,0.3422818791946309
7b,16000,0.1,0.09722222222222222,0.3888888888888889
7b,16000,0.1,0.09482758620689655,0.3793103448275862
1.1b,32000,-1.0,0.38924050632911394,1.5569620253164558
7b,16000,0.1,0.09013605442176871,0.36054421768707484
1.1b,32000,-1.0,0.3181818181818182,1.2727272727272727
7b,16000,0.1,0.07679738562091504,0.30718954248366015
7b,16000,0.1,0.08333333333333333,0.3333333333333333
1.1b,32000,-1.0,0.3411764705882353,1.3647058823529412
7b,16000,0.1,0.08112582781456953,0.32450331125827814
1.1b,32000,-1.0,0.29301075268817206,1.1720430107526882
7b,16000,0.1,0.05303030303030303,0.21212121212121213
7b,16000,0.1,0.1316793893129771,0.5267175572519084
1.1b,32000,-1.0,0.28157894736842104,1.1263157894736842
7b,16000,0.1,0.05674846625766871,0.22699386503067484
1.1b,32000,-1.0,0.3210227272727273,1.2840909090909092
7b,16000,0.1,0.14682539682539683,0.5873015873015873
1.1b,32000,-1.0,0.569672131147541,2.278688524590164
7b,16000,0.1,0.1565040650406504,0.6260162601626016
7b,16000,0.1,0.07679738562091504,0.30718954248366015
1.1b,32000,-1.0,0.3202247191011236,1.2808988764044944
7b,16000,0.1,0.06645569620253164,0.26582278481012656
1.1b,32000,-1.0,0.3644578313253012,1.4578313253012047
7b,16000,0.1,0.16322314049586778,0.6528925619834711
1.1b,32000,-1.0,0.597457627118644,2.389830508474576
7b,16000,0.1,0.06847133757961783,0.27388535031847133
7b,16000,0.1,0.11764705882352941,0.47058823529411764
1.1b,32000,-1.0,0.3181818181818182,1.2727272727272727
7b,16000,0.1,0.1375968992248062,0.5503875968992248
1.1b,32000,-1.0,0.391025641025641,1.564102564102564
7b,16000,0.1,0.09722222222222222,0.3888888888888889
1.1b,32000,-1.0,0.4855072463768116,1.9420289855072463
1.1b,32000,-1.0,0.3482142857142857,1.3928571428571428
1.1b,32000,-1.0,0.4383561643835616,1.7534246575342465
7b,24000,0.1,0.03089887640449438,0.12359550561797752
1.1b,32000,-1.0,0.4647887323943662,1.8591549295774648
7b,24000,0.1,0.02027027027027027,0.08108108108108109
1.1b,32000,-1.0,0.42,1.68
7b,24000,0.1,0.04239766081871345,0.1695906432748538
1.1b,32000,-1.0,0.35240963855421686,1.4096385542168675
1.1b,32000,-1.0,0.29347826086956524,1.173913043478261
7b,24000,0.1,0.024725274725274724,0.0989010989010989
1.1b,32000,-1.0,0.3734567901234568,1.4938271604938271
7b,24000,0.1,0.09965034965034965,0.3986013986013986
1.1b,32000,-1.0,0.378125,1.5125
7b,24000,0.1,0.05454545454545454,0.21818181818181817
1.1b,32000,-1.0,0.2789473684210526,1.1157894736842104
7b,24000,0.1,0.05120481927710843,0.20481927710843373
1.1b,5000,-1.0,0.29347826086956524,1.173913043478261
7b,5000,-1.0,0.569672131147541,2.278688524590164
7b,5000,-1.0,0.4444444444444444,1.7777777777777777
7b,5000,-1.0,0.5390625,2.15625
7b,5000,-1.0,0.20681818181818182,0.8272727272727273
7b,5000,-1.0,0.2261904761904762,0.9047619047619048
