1,1,0.02470331609249115,0.0011742078065872191,-1,2000
1,2,0.025157445788383484,0.0011742078065872191,-1,2000
1,4,0.025234273433685304,0.0011742078065872191,-1,2000
1,8,0.025344892382621765,0.0011742078065872191,-1,2000
1,12,0.025385205507278442,0.0011742078065872191,-1,2000
1,16,0.025587630033493042,0.0011742078065872191,-1,2000
1,20,0.026879234552383422,0.0011742078065872191,-1,2000
1,24,0.026913583755493162,0.0011742078065872191,-1,2000
1,28,0.027002018928527834,0.0011742078065872191,-1,2000
1,32,0.026176047921180726,0.0011742078065872191,-1,2000
1,36,0.027322269678115844,0.0011742078065872191,-1,2000
1,40,0.02737289047241211,0.0011742078065872191,-1,2000
1,44,0.02756968903541565,0.0011742078065872191,-1,2000
1,48,0.027651004552841186,0.0011742078065872191,-1,2000
1,52,0.027764350771903992,0.0011742078065872191,-1,2000
1,56,0.028015905141830444,0.0011742078065872191,-1,2000
1,60,0.02807754611968994,0.0011742078065872191,-1,2000
1,64,0.02810939943790436,0.0011742078065872191,-1,2000
1,68,0.029857146739959716,0.0011742078065872191,-1,2000
1,72,0.030016607284545898,0.0011742078065872191,-1,2000
1,76,0.030113290667533873,0.0011742078065872191,-1,2000
1,80,0.030164909958839418,0.0011742078065872191,-1,2000
1,84,0.030196215629577635,0.0011742078065872191,-1,2000
1,88,0.030261075139045714,0.0011742078065872191,-1,2000
1,92,0.030294605135917665,0.0011742078065872191,-1,2000
1,96,0.030331117630004883,0.0011742078065872191,-1,2000
1,100,0.02936605966091156,0.0011742078065872191,-1,2000
1,104,0.029437472105026244,0.0011742078065872191,-1,2000
1,108,0.029478583335876465,0.0011742078065872191,-1,2000
1,112,0.029630454301834107,0.0011742078065872191,-1,2000
1,116,0.03012214183807373,0.0011742078065872191,-1,2000
1,120,0.03020915627479553,0.0011742078065872191,-1,2000
1,124,0.03016654360294342,0.0011742078065872191,-1,2000
1,128,0.030462384939193725,0.0011742078065872191,-1,2000
1000,1,0.024807500600814818,0.0011907802820205688,-1,2000
1000,2,0.025273041248321533,0.0011907802820205688,-1,2000
1000,4,0.02537898349761963,0.0011907802820205688,-1,2000
1000,8,0.025444202303886415,0.0011907802820205688,-1,2000
1000,12,0.02553472125530243,0.0011907802820205688,-1,2000
1000,16,0.02575154495239258,0.0011907802820205688,-1,2000
1000,20,0.02698997497558594,0.0011907802820205688,-1,2000
1000,24,0.027059795379638672,0.0011907802820205688,-1,2000
1000,28,0.027180628180503846,0.0011907802820205688,-1,2000
1000,32,0.02639028263092041,0.0011907802820205688,-1,2000
1000,36,0.02760218596458435,0.0011907802820205688,-1,2000
1000,40,0.027980010628700255,0.0011907802820205688,-1,2000
1000,44,0.02801850402355194,0.0011907802820205688,-1,2000
1000,48,0.028092597007751467,0.0011907802820205688,-1,2000
1000,52,0.028228455424308775,0.0011907802820205688,-1,2000
1000,56,0.028460137844085694,0.0011907802820205688,-1,2000
1000,60,0.028525027394294737,0.0011907802820205688,-1,2000
1000,64,0.02851745891571045,0.0011907802820205688,-1,2000
1000,68,0.030342126965522766,0.0011907802820205688,-1,2000
1000,72,0.030539220690727235,0.0011907802820205688,-1,2000
1000,76,0.030538211584091188,0.0011907802820205688,-1,2000
1000,80,0.03056950783729553,0.0011907802820205688,-1,2000
1000,84,0.030502644658088683,0.0011907802820205688,-1,2000
1000,88,0.030496451377868654,0.0011907802820205688,-1,2000
1000,92,0.030612696170806884,0.0011907802820205688,-1,2000
1000,96,0.030674021124839784,0.0011907802820205688,-1,2000
1000,100,0.02977110528945923,0.0011907802820205688,-1,2000
1000,104,0.029801604628562926,0.0011907802820205688,-1,2000
1000,108,0.02992449200153351,0.0011907802820205688,-1,2000
1000,112,0.02992747116088867,0.0011907802820205688,-1,2000
1000,116,0.030364168882369993,0.0011907802820205688,-1,2000
1000,120,0.030441758394241333,0.0011907802820205688,-1,2000
1000,124,0.030584642887115477,0.0011907802820205688,-1,2000
1000,128,0.030567311525344847,0.0011907802820205688,-1,2000
2000,1,0.024873384833335878,0.0012003254890441894,-1,2000
2000,2,0.025336097717285157,0.0012003254890441894,-1,2000
2000,4,0.02540121638774872,0.0012003254890441894,-1,2000
2000,8,0.025609495282173156,0.0012003254890441894,-1,2000
2000,12,0.025755478620529175,0.0012003254890441894,-1,2000
2000,16,0.025889008522033692,0.0012003254890441894,-1,2000
2000,20,0.027086430191993714,0.0012003254890441894,-1,2000
2000,24,0.027098397016525267,0.0012003254890441894,-1,2000
2000,28,0.02718637478351593,0.0012003254890441894,-1,2000
2000,32,0.026334567546844483,0.0012003254890441894,-1,2000
2000,36,0.02765452992916107,0.0012003254890441894,-1,2000
2000,40,0.027690810799598693,0.0012003254890441894,-1,2000
2000,44,0.027745837450027466,0.0012003254890441894,-1,2000
2000,48,0.027868201971054076,0.0012003254890441894,-1,2000
2000,52,0.027965407967567444,0.0012003254890441894,-1,2000
2000,56,0.028157378911972047,0.0012003254890441894,-1,2000
2000,60,0.028186978816986084,0.0012003254890441894,-1,2000
2000,64,0.028133902192115784,0.0012003254890441894,-1,2000
2000,68,0.02993257415294647,0.0012003254890441894,-1,2000
2000,72,0.030106491327285767,0.0012003254890441894,-1,2000
2000,76,0.030300994038581847,0.0012003254890441894,-1,2000
2000,80,0.030336279034614562,0.0012003254890441894,-1,2000
2000,84,0.030396465063095093,0.0012003254890441894,-1,2000
2000,88,0.030429779171943665,0.0012003254890441894,-1,2000
2000,92,0.030535645246505736,0.0012003254890441894,-1,2000
2000,96,0.03052003800868988,0.0012003254890441894,-1,2000
2000,100,0.02968931782245636,0.0012003254890441894,-1,2000
2000,104,0.029628428339958192,0.0012003254890441894,-1,2000
2000,108,0.029731499791145324,0.0012003254890441894,-1,2000
2000,112,0.029719669222831726,0.0012003254890441894,-1,2000
2000,116,0.03032349729537964,0.0012003254890441894,-1,2000
2000,120,0.03031745767593384,0.0012003254890441894,-1,2000
2000,124,0.03034422016143799,0.0012003254890441894,-1,2000
2000,128,0.03037201273441315,0.0012003254890441894,-1,2000
3000,1,0.024813802003860474,0.0011749912500381469,-1,2000
3000,2,0.02524094557762146,0.0011749912500381469,-1,2000
3000,4,0.025314144253730773,0.0011749912500381469,-1,2000
3000,8,0.025502731323242187,0.0011749912500381469,-1,2000
3000,12,0.02561508047580719,0.0011749912500381469,-1,2000
3000,16,0.02579646944999695,0.0011749912500381469,-1,2000
3000,20,0.02713759934902191,0.0011749912500381469,-1,2000
3000,24,0.027246628880500792,0.0011749912500381469,-1,2000
3000,28,0.027268765211105345,0.0011749912500381469,-1,2000
3000,32,0.026403168320655823,0.0011749912500381469,-1,2000
3000,36,0.027693382382392884,0.0011749912500381469,-1,2000
3000,40,0.02775426471233368,0.0011749912500381469,-1,2000
3000,44,0.027856439590454102,0.0011749912500381469,-1,2000
3000,48,0.027813053727149963,0.0011749912500381469,-1,2000
3000,52,0.02795217502117157,0.0011749912500381469,-1,2000
3000,56,0.028168919801712038,0.0011749912500381469,-1,2000
3000,60,0.028174098610877992,0.0011749912500381469,-1,2000
3000,64,0.0282707656621933,0.0011749912500381469,-1,2000
3000,68,0.029937673211097717,0.0011749912500381469,-1,2000
3000,72,0.030129086256027223,0.0011749912500381469,-1,2000
3000,76,0.030192908525466917,0.0011749912500381469,-1,2000
3000,80,0.030239980936050414,0.0011749912500381469,-1,2000
3000,84,0.030300962567329406,0.0011749912500381469,-1,2000
3000,88,0.03037355899810791,0.0011749912500381469,-1,2000
3000,92,0.03040791666507721,0.0011749912500381469,-1,2000
3000,96,0.030479970932006835,0.0011749912500381469,-1,2000
3000,100,0.029618528008460997,0.0011749912500381469,-1,2000
3000,104,0.029621646881103515,0.0011749912500381469,-1,2000
3000,108,0.029716691613197326,0.0011749912500381469,-1,2000
3000,112,0.02983945059776306,0.0011749912500381469,-1,2000
3000,116,0.03042481017112732,0.0011749912500381469,-1,2000
3000,120,0.030508073568344115,0.0011749912500381469,-1,2000
3000,124,0.03053538930416107,0.0011749912500381469,-1,2000
3000,128,0.03046483314037323,0.0011749912500381469,-1,2000
4000,1,0.024871531009674073,0.0011822880506515503,-1,2000
4000,2,0.025310760378837584,0.0011822880506515503,-1,2000
4000,4,0.025401525259017944,0.0011822880506515503,-1,2000
4000,8,0.02557661545276642,0.0011822880506515503,-1,2000
4000,12,0.025666781425476074,0.0011822880506515503,-1,2000
4000,16,0.025901999592781066,0.0011822880506515503,-1,2000
4000,20,0.027190554857254027,0.0011822880506515503,-1,2000
4000,24,0.027347500562667847,0.0011822880506515503,-1,2000
4000,28,0.02745006787776947,0.0011822880506515503,-1,2000
4000,32,0.026601055860519408,0.0011822880506515503,-1,2000
4000,36,0.027829702854156493,0.0011822880506515503,-1,2000
4000,40,0.027870758175849913,0.0011822880506515503,-1,2000
4000,44,0.027890730261802672,0.0011822880506515503,-1,2000
4000,48,0.028012362480163575,0.0011822880506515503,-1,2000
4000,52,0.028092571020126342,0.0011822880506515503,-1,2000
4000,56,0.02834541130065918,0.0011822880506515503,-1,2000
4000,60,0.028466816306114195,0.0011822880506515503,-1,2000
4000,64,0.028433332681655883,0.0011822880506515503,-1,2000
4000,68,0.030204158306121828,0.0011822880506515503,-1,2000
4000,72,0.03044012188911438,0.0011822880506515503,-1,2000
4000,76,0.030488654494285585,0.0011822880506515503,-1,2000
4000,80,0.030408750176429748,0.0011822880506515503,-1,2000
4000,84,0.03054027831554413,0.0011822880506515503,-1,2000
4000,88,0.030570779919624327,0.0011822880506515503,-1,2000
4000,92,0.030643769145011903,0.0011822880506515503,-1,2000
4000,96,0.030685725450515747,0.0011822880506515503,-1,2000
4000,100,0.02982988202571869,0.0011822880506515503,-1,2000
4000,104,0.029853577256202697,0.0011822880506515503,-1,2000
4000,108,0.02993826460838318,0.0011822880506515503,-1,2000
4000,112,0.030019009470939637,0.0011822880506515503,-1,2000
4000,116,0.030508213996887208,0.0011822880506515503,-1,2000
4000,120,0.030739987254142762,0.0011822880506515503,-1,2000
4000,124,0.030616636395454408,0.0011822880506515503,-1,2000
4000,128,0.030810169100761415,0.0011822880506515503,-1,2000
8000,1,0.02500845694541931,0.0013010456562042236,-1,2000
8000,2,0.02544913697242737,0.0013010456562042236,-1,2000
8000,4,0.0255146005153656,0.0013010456562042236,-1,2000
8000,8,0.02566075646877289,0.0013010456562042236,-1,2000
8000,12,0.02578472924232483,0.0013010456562042236,-1,2000
8000,16,0.02595193064212799,0.0013010456562042236,-1,2000
8000,20,0.02727944254875183,0.0013010456562042236,-1,2000
8000,24,0.02738828122615814,0.0013010456562042236,-1,2000
8000,28,0.027424639105796813,0.0013010456562042236,-1,2000
8000,32,0.026733179211616515,0.0013010456562042236,-1,2000
8000,36,0.027924684643745423,0.0013010456562042236,-1,2000
8000,40,0.02798596704006195,0.0013010456562042236,-1,2000
8000,44,0.02805386018753052,0.0013010456562042236,-1,2000
8000,48,0.028121948719024657,0.0013010456562042236,-1,2000
8000,52,0.028210981249809267,0.0013010456562042236,-1,2000
8000,56,0.02844266426563263,0.0013010456562042236,-1,2000
8000,60,0.028481714606285097,0.0013010456562042236,-1,2000
8000,64,0.028512474179267885,0.0013010456562042236,-1,2000
8000,68,0.030230091571807862,0.0013010456562042236,-1,2000
8000,72,0.030463603496551514,0.0013010456562042236,-1,2000
8000,76,0.030432979583740236,0.0013010456562042236,-1,2000
8000,80,0.03045523738861084,0.0013010456562042236,-1,2000
8000,84,0.030485576748847963,0.0013010456562042236,-1,2000
8000,88,0.03053688418865204,0.0013010456562042236,-1,2000
8000,92,0.030564897775650024,0.0013010456562042236,-1,2000
8000,96,0.03068432652950287,0.0013010456562042236,-1,2000
8000,100,0.029751787185668944,0.0013010456562042236,-1,2000
8000,104,0.029828223943710326,0.0013010456562042236,-1,2000
8000,108,0.029920267105102538,0.0013010456562042236,-1,2000
8000,112,0.029999763131141662,0.0013010456562042236,-1,2000
8000,116,0.030620925068855286,0.0013010456562042236,-1,2000
8000,120,0.030757553577423095,0.0013010456562042236,-1,2000
8000,124,0.030656532883644103,0.0013010456562042236,-1,2000
8000,128,0.030764134287834168,0.0013010456562042236,-1,2000
16000,1,0.025419958114624025,0.0022214493751525877,-1,2000
16000,2,0.025560817241668702,0.0022214493751525877,-1,2000
16000,4,0.025597910165786743,0.0022214493751525877,-1,2000
16000,8,0.025766763210296632,0.0022214493751525877,-1,2000
16000,12,0.025851996541023256,0.0022214493751525877,-1,2000
16000,16,0.026067808032035827,0.0022214493751525877,-1,2000
16000,20,0.027353164672851562,0.0022214493751525877,-1,2000
16000,24,0.02745007050037384,0.0022214493751525877,-1,2000
16000,28,0.02753444743156433,0.0022214493751525877,-1,2000
16000,32,0.026837205290794374,0.0022214493751525877,-1,2000
16000,36,0.027986941576004027,0.0022214493751525877,-1,2000
16000,40,0.02800669574737549,0.0022214493751525877,-1,2000
16000,44,0.028088794469833374,0.0022214493751525877,-1,2000
16000,48,0.02824764358997345,0.0022214493751525877,-1,2000
16000,52,0.028333152890205382,0.0022214493751525877,-1,2000
16000,56,0.028572949290275575,0.0022214493751525877,-1,2000
16000,60,0.02860330367088318,0.0022214493751525877,-1,2000
16000,64,0.02864013957977295,0.0022214493751525877,-1,2000
16000,68,0.030306910037994385,0.0022214493751525877,-1,2000
16000,72,0.03065173327922821,0.0022214493751525877,-1,2000
16000,76,0.030687562346458436,0.0022214493751525877,-1,2000
16000,80,0.0306309255361557,0.0022214493751525877,-1,2000
16000,84,0.030680078744888307,0.0022214493751525877,-1,2000
16000,88,0.03069609308242798,0.0022214493751525877,-1,2000
16000,92,0.0307415771484375,0.0022214493751525877,-1,2000
16000,96,0.030781402230262756,0.0022214493751525877,-1,2000
16000,100,0.029893961548805238,0.0022214493751525877,-1,2000
16000,104,0.029951308727264404,0.0022214493751525877,-1,2000
16000,108,0.030075771450996398,0.0022214493751525877,-1,2000
16000,112,0.030171191453933717,0.0022214493751525877,-1,2000
16000,116,0.030736031651496888,0.0022214493751525877,-1,2000
16000,120,0.030892064213752745,0.0022214493751525877,-1,2000
16000,124,0.030833423137664795,0.0022214493751525877,-1,2000
16000,128,0.030759501814842223,0.0022214493751525877,-1,2000
32000,1,0.025264864325523377,0.004243451476097107,-1,2000
32000,2,0.025731284856796266,0.004243451476097107,-1,2000
32000,4,0.025775251507759094,0.004243451476097107,-1,2000
32000,8,0.025929118514060975,0.004243451476097107,-1,2000
32000,12,0.02586097526550293,0.004243451476097107,-1,2000
32000,16,0.026089763879776,0.004243451476097107,-1,2000
32000,20,0.02738122570514679,0.004243451476097107,-1,2000
32000,24,0.027502193450927734,0.004243451476097107,-1,2000
32000,28,0.027546318054199218,0.004243451476097107,-1,2000
32000,32,0.026836477041244505,0.004243451476097107,-1,2000
32000,36,0.0280006902217865,0.004243451476097107,-1,2000
32000,40,0.02804118549823761,0.004243451476097107,-1,2000
32000,44,0.028122312903404237,0.004243451476097107,-1,2000
32000,48,0.028242693305015564,0.004243451476097107,-1,2000
32000,52,0.028264231562614442,0.004243451476097107,-1,2000
32000,56,0.02855327832698822,0.004243451476097107,-1,2000
32000,60,0.02857174527645111,0.004243451476097107,-1,2000
32000,64,0.02865023159980774,0.004243451476097107,-1,2000
32000,68,0.030203643798828124,0.004243451476097107,-1,2000
32000,72,0.030677292943000794,0.004243451476097107,-1,2000
32000,76,0.03089280891418457,0.004243451476097107,-1,2000
32000,80,0.030746713995933532,0.004243451476097107,-1,2000
32000,84,0.030790311336517336,0.004243451476097107,-1,2000
32000,88,0.030771206021308898,0.004243451476097107,-1,2000
32000,92,0.030744655966758728,0.004243451476097107,-1,2000
32000,96,0.030776393055915834,0.004243451476097107,-1,2000
32000,100,0.02986936628818512,0.004243451476097107,-1,2000
32000,104,0.02990033459663391,0.004243451476097107,-1,2000
32000,108,0.03011203193664551,0.004243451476097107,-1,2000
32000,112,0.03012995171546936,0.004243451476097107,-1,2000
32000,116,0.030786589860916137,0.004243451476097107,-1,2000
32000,120,0.030716363430023194,0.004243451476097107,-1,2000
32000,124,0.03079554843902588,0.004243451476097107,-1,2000
32000,128,0.03086588978767395,0.004243451476097107,-1,2000
48000,1,0.025038486003875732,0.006234178900718689,-1,2000
48000,2,0.025510968685150147,0.006234178900718689,-1,2000
48000,4,0.025558685302734373,0.006234178900718689,-1,2000
48000,8,0.02573946511745453,0.006234178900718689,-1,2000
48000,12,0.02585124683380127,0.006234178900718689,-1,2000
48000,16,0.026049118876457215,0.006234178900718689,-1,2000
48000,20,0.027329905152320862,0.006234178900718689,-1,2000
48000,24,0.027417423129081728,0.006234178900718689,-1,2000
48000,28,0.027469680070877075,0.006234178900718689,-1,2000
48000,32,0.026784682035446167,0.006234178900718689,-1,2000
48000,36,0.0279588485956192,0.006234178900718689,-1,2000
48000,40,0.02800173568725586,0.006234178900718689,-1,2000
48000,44,0.02809183967113495,0.006234178900718689,-1,2000
48000,48,0.0282323921918869,0.006234178900718689,-1,2000
48000,52,0.028311397194862364,0.006234178900718689,-1,2000
48000,56,0.028532385110855103,0.006234178900718689,-1,2000
48000,60,0.02855898118019104,0.006234178900718689,-1,2000
48000,64,0.0285833820104599,0.006234178900718689,-1,2000
48000,68,0.030192374229431152,0.006234178900718689,-1,2000
48000,72,0.030540334939956663,0.006234178900718689,-1,2000
48000,76,0.030566123247146606,0.006234178900718689,-1,2000
48000,80,0.03064664876461029,0.006234178900718689,-1,2000
48000,84,0.03069854462146759,0.006234178900718689,-1,2000
48000,88,0.03078544092178345,0.006234178900718689,-1,2000
48000,92,0.030875954389572142,0.006234178900718689,-1,2000
48000,96,0.03094229030609131,0.006234178900718689,-1,2000
48000,100,0.03002374494075775,0.006234178900718689,-1,2000
48000,104,0.03011933422088623,0.006234178900718689,-1,2000
48000,108,0.030293702125549316,0.006234178900718689,-1,2000
48000,112,0.030410734057426454,0.006234178900718689,-1,2000
48000,116,0.03089058780670166,0.006234178900718689,-1,2000
48000,120,0.030936463356018067,0.006234178900718689,-1,2000
48000,124,0.030995085835456848,0.006234178900718689,-1,2000
48000,128,0.031145582199096678,0.006234178900718689,-1,2000
1,1,0.024681880354881287,0.0011677799224853516,0,2000
1,2,0.025018068671226502,0.0011677799224853516,0,2000
1,4,0.025106210947036744,0.0011677799224853516,0,2000
1,8,0.025198173999786376,0.0011677799224853516,0,2000
1,12,0.025200210332870482,0.0011677799224853516,0,2000
1,16,0.025418956637382507,0.0011677799224853516,0,2000
1,20,0.026851392269134522,0.0011677799224853516,0,2000
1,24,0.026867231369018554,0.0011677799224853516,0,2000
1,28,0.026953835487365723,0.0011677799224853516,0,2000
1,32,0.026109812140464782,0.0011677799224853516,0,2000
1,36,0.027240562438964843,0.0011677799224853516,0,2000
1,40,0.027292146444320677,0.0011677799224853516,0,2000
1,44,0.02750420808792114,0.0011677799224853516,0,2000
1,48,0.027583577632904054,0.0011677799224853516,0,2000
1,52,0.027623312711715697,0.0011677799224853516,0,2000
1,56,0.02788705003261566,0.0011677799224853516,0,2000
1,60,0.027901737451553346,0.0011677799224853516,0,2000
1,64,0.02797261607646942,0.0011677799224853516,0,2000
1,68,0.02973149824142456,0.0011677799224853516,0,2000
1,72,0.029852460861206055,0.0011677799224853516,0,2000
1,76,0.02995252025127411,0.0011677799224853516,0,2000
1,80,0.03001266121864319,0.0011677799224853516,0,2000
1,84,0.03002678370475769,0.0011677799224853516,0,2000
1,88,0.030114580154418945,0.0011677799224853516,0,2000
1,92,0.030117165327072145,0.0011677799224853516,0,2000
1,96,0.030208675622940065,0.0011677799224853516,0,2000
1,100,0.02923526406288147,0.0011677799224853516,0,2000
1,104,0.02930582368373871,0.0011677799224853516,0,2000
1,108,0.029446573138237,0.0011677799224853516,0,2000
1,112,0.02960309386253357,0.0011677799224853516,0,2000
1,116,0.030074403047561645,0.0011677799224853516,0,2000
1,120,0.030065585136413574,0.0011677799224853516,0,2000
1,124,0.030178951740264894,0.0011677799224853516,0,2000
1,128,0.03040532612800598,0.0011677799224853516,0,2000
1000,1,0.025040108561515808,0.0011802613735198975,0,2000
1000,2,0.02544840431213379,0.0011802613735198975,0,2000
1000,4,0.02555397641658783,0.0011802613735198975,0,2000
1000,8,0.025652186274528505,0.0011802613735198975,0,2000
1000,12,0.02576176869869232,0.0011802613735198975,0,2000
1000,16,0.02593294835090637,0.0011802613735198975,0,2000
1000,20,0.027212123394012452,0.0011802613735198975,0,2000
1000,24,0.02728149890899658,0.0011802613735198975,0,2000
1000,28,0.027397390961647033,0.0011802613735198975,0,2000
1000,32,0.026630329847335814,0.0011802613735198975,0,2000
1000,36,0.02783847439289093,0.0011802613735198975,0,2000
1000,40,0.02816015040874481,0.0011802613735198975,0,2000
1000,44,0.028212114930152892,0.0011802613735198975,0,2000
1000,48,0.028293039321899412,0.0011802613735198975,0,2000
1000,52,0.0284220507144928,0.0011802613735198975,0,2000
1000,56,0.02866672682762146,0.0011802613735198975,0,2000
1000,60,0.028735998392105104,0.0011802613735198975,0,2000
1000,64,0.028723602890968324,0.0011802613735198975,0,2000
1000,68,0.030533294916152955,0.0011802613735198975,0,2000
1000,72,0.030744038939476012,0.0011802613735198975,0,2000
1000,76,0.030791471242904662,0.0011802613735198975,0,2000
1000,80,0.030869458556175233,0.0011802613735198975,0,2000
1000,84,0.030822296738624574,0.0011802613735198975,0,2000
1000,88,0.030838440895080567,0.0011802613735198975,0,2000
1000,92,0.030952480912208556,0.0011802613735198975,0,2000
1000,96,0.031014687895774842,0.0011802613735198975,0,2000
1000,100,0.03011914849281311,0.0011802613735198975,0,2000
1000,104,0.03013073992729187,0.0011802613735198975,0,2000
1000,108,0.030244967341423033,0.0011802613735198975,0,2000
1000,112,0.03026558554172516,0.0011802613735198975,0,2000
1000,116,0.03067963969707489,0.0011802613735198975,0,2000
1000,120,0.030773724794387818,0.0011802613735198975,0,2000
1000,124,0.030916199803352355,0.0011802613735198975,0,2000
1000,128,0.03102726626396179,0.0011802613735198975,0,2000
2000,1,0.0254351167678833,0.0012211410999298097,0,2000
2000,2,0.02576200819015503,0.0012211410999298097,0,2000
2000,4,0.0257627854347229,0.0012211410999298097,0,2000
2000,8,0.025965209245681763,0.0012211410999298097,0,2000
2000,12,0.026091637015342714,0.0012211410999298097,0,2000
2000,16,0.02628227627277374,0.0012211410999298097,0,2000
2000,20,0.02759784734249115,0.0012211410999298097,0,2000
2000,24,0.027650263428688048,0.0012211410999298097,0,2000
2000,28,0.027706517100334168,0.0012211410999298097,0,2000
2000,32,0.02684444463253021,0.0012211410999298097,0,2000
2000,36,0.028117489457130433,0.0012211410999298097,0,2000
2000,40,0.02820965301990509,0.0012211410999298097,0,2000
2000,44,0.028324307918548584,0.0012211410999298097,0,2000
2000,48,0.028475623846054076,0.0012211410999298097,0,2000
2000,52,0.028577494025230406,0.0012211410999298097,0,2000
2000,56,0.028688536643981934,0.0012211410999298097,0,2000
2000,60,0.028642807126045226,0.0012211410999298097,0,2000
2000,64,0.028724519610404967,0.0012211410999298097,0,2000
2000,68,0.030492450594902038,0.0012211410999298097,0,2000
2000,72,0.030632028222084044,0.0012211410999298097,0,2000
2000,76,0.030849355816841124,0.0012211410999298097,0,2000
2000,80,0.031010109186172485,0.0012211410999298097,0,2000
2000,84,0.03109840643405914,0.0012211410999298097,0,2000
2000,88,0.03111746060848236,0.0012211410999298097,0,2000
2000,92,0.031105395793914796,0.0012211410999298097,0,2000
2000,96,0.031054563999176027,0.0012211410999298097,0,2000
2000,100,0.03022658109664917,0.0012211410999298097,0,2000
2000,104,0.030168868899345398,0.0012211410999298097,0,2000
2000,108,0.030330772280693055,0.0012211410999298097,0,2000
2000,112,0.03037220299243927,0.0012211410999298097,0,2000
2000,116,0.031050466775894164,0.0012211410999298097,0,2000
2000,120,0.03085872209072113,0.0012211410999298097,0,2000
2000,124,0.031021067500114442,0.0012211410999298097,0,2000
2000,128,0.031138391375541686,0.0012211410999298097,0,2000
3000,1,0.02478708016872406,0.0012105827331542968,0,2000
3000,2,0.02518212366104126,0.0012105827331542968,0,2000
3000,4,0.025263867378234862,0.0012105827331542968,0,2000
3000,8,0.025489470601081848,0.0012105827331542968,0,2000
3000,12,0.02557759428024292,0.0012105827331542968,0,2000
3000,16,0.02577579879760742,0.0012105827331542968,0,2000
3000,20,0.027093451261520386,0.0012105827331542968,0,2000
3000,24,0.027151259303092957,0.0012105827331542968,0,2000
3000,28,0.02721103489398956,0.0012105827331542968,0,2000
3000,32,0.026408087730407714,0.0012105827331542968,0,2000
3000,36,0.02767761194705963,0.0012105827331542968,0,2000
3000,40,0.027870337128639223,0.0012105827331542968,0,2000
3000,44,0.02795694696903229,0.0012105827331542968,0,2000
3000,48,0.027913776755332947,0.0012105827331542968,0,2000
3000,52,0.028067482709884642,0.0012105827331542968,0,2000
3000,56,0.02828609085083008,0.0012105827331542968,0,2000
3000,60,0.028247857332229613,0.0012105827331542968,0,2000
3000,64,0.02834975206851959,0.0012105827331542968,0,2000
3000,68,0.030101976752281188,0.0012105827331542968,0,2000
3000,72,0.030306512475013734,0.0012105827331542968,0,2000
3000,76,0.030344956040382384,0.0012105827331542968,0,2000
3000,80,0.030380359530448913,0.0012105827331542968,0,2000
3000,84,0.030372772097587587,0.0012105827331542968,0,2000
3000,88,0.030366761803627015,0.0012105827331542968,0,2000
3000,92,0.030520336508750915,0.0012105827331542968,0,2000
3000,96,0.030613564014434814,0.0012105827331542968,0,2000
3000,100,0.029805177330970763,0.0012105827331542968,0,2000
3000,104,0.02985879135131836,0.0012105827331542968,0,2000
3000,108,0.029843868017196656,0.0012105827331542968,0,2000
3000,112,0.02994212484359741,0.0012105827331542968,0,2000
3000,116,0.030577275395393372,0.0012105827331542968,0,2000
3000,120,0.030502619147300722,0.0012105827331542968,0,2000
3000,124,0.030577794790267943,0.0012105827331542968,0,2000
3000,128,0.030591801404953003,0.0012105827331542968,0,2000
4000,1,0.024950751185417175,0.0012091856002807617,0,2000
4000,2,0.025428786635398864,0.0012091856002807617,0,2000
4000,4,0.025524774193763734,0.0012091856002807617,0,2000
4000,8,0.025678225994110106,0.0012091856002807617,0,2000
4000,12,0.02576755142211914,0.0012091856002807617,0,2000
4000,16,0.02598812472820282,0.0012091856002807617,0,2000
4000,20,0.02726439118385315,0.0012091856002807617,0,2000
4000,24,0.027420970797538757,0.0012091856002807617,0,2000
4000,28,0.02754080379009247,0.0012091856002807617,0,2000
4000,32,0.026700353145599365,0.0012091856002807617,0,2000
4000,36,0.027901247143745422,0.0012091856002807617,0,2000
4000,40,0.027946106553077697,0.0012091856002807617,0,2000
4000,44,0.027986942768096924,0.0012091856002807617,0,2000
4000,48,0.028103508591651918,0.0012091856002807617,0,2000
4000,52,0.028189785242080687,0.0012091856002807617,0,2000
4000,56,0.02843871033191681,0.0012091856002807617,0,2000
4000,60,0.02856104016304016,0.0012091856002807617,0,2000
4000,64,0.02851261305809021,0.0012091856002807617,0,2000
4000,68,0.030289215207099915,0.0012091856002807617,0,2000
4000,72,0.030513126850128174,0.0012091856002807617,0,2000
4000,76,0.03057395577430725,0.0012091856002807617,0,2000
4000,80,0.03047869563102722,0.0012091856002807617,0,2000
4000,84,0.030646172165870667,0.0012091856002807617,0,2000
4000,88,0.03066557002067566,0.0012091856002807617,0,2000
4000,92,0.03074957060813904,0.0012091856002807617,0,2000
4000,96,0.03078759765625,0.0012091856002807617,0,2000
4000,100,0.029930582642555235,0.0012091856002807617,0,2000
4000,104,0.029945242404937743,0.0012091856002807617,0,2000
4000,108,0.03004350471496582,0.0012091856002807617,0,2000
4000,112,0.03010744571685791,0.0012091856002807617,0,2000
4000,116,0.030705966234207155,0.0012091856002807617,0,2000
4000,120,0.030692776918411255,0.0012091856002807617,0,2000
4000,124,0.03074382221698761,0.0012091856002807617,0,2000
4000,128,0.031006529450416567,0.0012091856002807617,0,2000
8000,1,0.024923350095748902,0.0013022507429122925,0,2000
8000,2,0.02534785270690918,0.0013022507429122925,0,2000
8000,4,0.0254671972990036,0.0013022507429122925,0,2000
8000,8,0.02560489547252655,0.0013022507429122925,0,2000
8000,12,0.025722097516059875,0.0013022507429122925,0,2000
8000,16,0.025882241725921632,0.0013022507429122925,0,2000
8000,20,0.027215484976768494,0.0013022507429122925,0,2000
8000,24,0.027356080055236816,0.0013022507429122925,0,2000
8000,28,0.02736852979660034,0.0013022507429122925,0,2000
8000,32,0.02665535581111908,0.0013022507429122925,0,2000
8000,36,0.027866649389266966,0.0013022507429122925,0,2000
8000,40,0.027907432794570922,0.0013022507429122925,0,2000
8000,44,0.027989431381225584,0.0013022507429122925,0,2000
8000,48,0.028080098628997803,0.0013022507429122925,0,2000
8000,52,0.028192418694496155,0.0013022507429122925,0,2000
8000,56,0.028387784481048586,0.0013022507429122925,0,2000
8000,60,0.02845394217967987,0.0013022507429122925,0,2000
8000,64,0.028466934323310853,0.0013022507429122925,0,2000
8000,68,0.030183696150779725,0.0013022507429122925,0,2000
8000,72,0.030427952289581298,0.0013022507429122925,0,2000
8000,76,0.030498249411582946,0.0013022507429122925,0,2000
8000,80,0.030560309648513796,0.0013022507429122925,0,2000
8000,84,0.030576461791992186,0.0013022507429122925,0,2000
8000,88,0.030655498027801514,0.0013022507429122925,0,2000
8000,92,0.030701003074645995,0.0013022507429122925,0,2000
8000,96,0.030812312841415404,0.0013022507429122925,0,2000
8000,100,0.029877828121185303,0.0013022507429122925,0,2000
8000,104,0.02994664990901947,0.0013022507429122925,0,2000
8000,108,0.03006737720966339,0.0013022507429122925,0,2000
8000,112,0.030134359002113344,0.0013022507429122925,0,2000
8000,116,0.03080851888656616,0.0013022507429122925,0,2000
8000,120,0.030821706771850584,0.0013022507429122925,0,2000
8000,124,0.030807236194610597,0.0013022507429122925,0,2000
8000,128,0.03098810160160065,0.0013022507429122925,0,2000
16000,1,0.025442779660224915,0.002221779704093933,0,2000
16000,2,0.02585232186317444,0.002221779704093933,0,2000
16000,4,0.025895022630691527,0.002221779704093933,0,2000
16000,8,0.026087886810302736,0.002221779704093933,0,2000
16000,12,0.026156928420066835,0.002221779704093933,0,2000
16000,16,0.02639733111858368,0.002221779704093933,0,2000
16000,20,0.027656779170036314,0.002221779704093933,0,2000
16000,24,0.027763678193092348,0.002221779704093933,0,2000
16000,28,0.027853134989738463,0.002221779704093933,0,2000
16000,32,0.02725436043739319,0.002221779704093933,0,2000
16000,36,0.02837375843524933,0.002221779704093933,0,2000
16000,40,0.02841033172607422,0.002221779704093933,0,2000
16000,44,0.02845793664455414,0.002221779704093933,0,2000
16000,48,0.02903086495399475,0.002221779704093933,0,2000
16000,52,0.028732067823410035,0.002221779704093933,0,2000
16000,56,0.02922624731063843,0.002221779704093933,0,2000
16000,60,0.029065268635749816,0.002221779704093933,0,2000
16000,64,0.029099293231964113,0.002221779704093933,0,2000
16000,68,0.030859617590904234,0.002221779704093933,0,2000
16000,72,0.03126035284996033,0.002221779704093933,0,2000
16000,76,0.03141330850124359,0.002221779704093933,0,2000
16000,80,0.031495587944984436,0.002221779704093933,0,2000
16000,84,0.031235103607177735,0.002221779704093933,0,2000
16000,88,0.031188803911209106,0.002221779704093933,0,2000
16000,92,0.03123972237110138,0.002221779704093933,0,2000
16000,96,0.031421302318573,0.002221779704093933,0,2000
16000,100,0.03056333565711975,0.002221779704093933,0,2000
16000,104,0.03088567841053009,0.002221779704093933,0,2000
16000,108,0.030791167378425598,0.002221779704093933,0,2000
16000,112,0.030781328082084655,0.002221779704093933,0,2000
16000,116,0.031469427585601804,0.002221779704093933,0,2000
16000,120,0.03141815030574799,0.002221779704093933,0,2000
16000,124,0.03171911108493805,0.002221779704093933,0,2000
16000,128,0.0316470103263855,0.002221779704093933,0,2000
32000,1,0.025719714045524596,0.0042461310625076295,0,2000
32000,2,0.02611400234699249,0.0042461310625076295,0,2000
32000,4,0.026183230519294737,0.0042461310625076295,0,2000
32000,8,0.02634299671649933,0.0042461310625076295,0,2000
32000,12,0.026429824829101563,0.0042461310625076295,0,2000
32000,16,0.026635273814201357,0.0042461310625076295,0,2000
32000,20,0.027931322813034058,0.0042461310625076295,0,2000
32000,24,0.02807187867164612,0.0042461310625076295,0,2000
32000,28,0.028117814898490905,0.0042461310625076295,0,2000
32000,32,0.0273971506357193,0.0042461310625076295,0,2000
32000,36,0.028562747716903685,0.0042461310625076295,0,2000
32000,40,0.02859186553955078,0.0042461310625076295,0,2000
32000,44,0.028647213220596313,0.0042461310625076295,0,2000
32000,48,0.028774181604385374,0.0042461310625076295,0,2000
32000,52,0.028889926552772522,0.0042461310625076295,0,2000
32000,56,0.02941381752490997,0.0042461310625076295,0,2000
32000,60,0.02918124532699585,0.0042461310625076295,0,2000
32000,64,0.02921610391139984,0.0042461310625076295,0,2000
32000,68,0.030734143733978272,0.0042461310625076295,0,2000
32000,72,0.03139997577667236,0.0042461310625076295,0,2000
32000,76,0.03135528779029846,0.0042461310625076295,0,2000
32000,80,0.0312505761384964,0.0042461310625076295,0,2000
32000,84,0.031208104491233825,0.0042461310625076295,0,2000
32000,88,0.03126105117797852,0.0042461310625076295,0,2000
32000,92,0.03132666790485382,0.0042461310625076295,0,2000
32000,96,0.03138422894477844,0.0042461310625076295,0,2000
32000,100,0.030431947708129882,0.0042461310625076295,0,2000
32000,104,0.030515221118927002,0.0042461310625076295,0,2000
32000,108,0.030704898834228514,0.0042461310625076295,0,2000
32000,112,0.03079307734966278,0.0042461310625076295,0,2000
32000,116,0.031213063359260558,0.0042461310625076295,0,2000
32000,120,0.0313001070022583,0.0042461310625076295,0,2000
32000,124,0.03138308668136597,0.0042461310625076295,0,2000
32000,128,0.03166603076457977,0.0042461310625076295,0,2000
48000,1,0.02634023916721344,0.006236472010612488,0,2000
48000,2,0.026641579508781432,0.006236472010612488,0,2000
48000,4,0.026688427329063416,0.006236472010612488,0,2000
48000,8,0.0268487788438797,0.006236472010612488,0,2000
48000,12,0.02695725929737091,0.006236472010612488,0,2000
48000,16,0.0271592435836792,0.006236472010612488,0,2000
48000,20,0.02835061752796173,0.006236472010612488,0,2000
48000,24,0.028484121322631836,0.006236472010612488,0,2000
48000,28,0.02863181722164154,0.006236472010612488,0,2000
48000,32,0.02791545808315277,0.006236472010612488,0,2000
48000,36,0.02910441720485687,0.006236472010612488,0,2000
48000,40,0.029098810076713562,0.006236472010612488,0,2000
48000,44,0.02923833477497101,0.006236472010612488,0,2000
48000,48,0.029354186058044435,0.006236472010612488,0,2000
48000,52,0.02937889862060547,0.006236472010612488,0,2000
48000,56,0.02963239336013794,0.006236472010612488,0,2000
48000,60,0.02961197578907013,0.006236472010612488,0,2000
48000,64,0.029803197622299195,0.006236472010612488,0,2000
48000,68,0.03132603919506073,0.006236472010612488,0,2000
48000,72,0.03163131606578827,0.006236472010612488,0,2000
48000,76,0.03172760558128357,0.006236472010612488,0,2000
48000,80,0.031886598706245425,0.006236472010612488,0,2000
48000,84,0.031795278310775756,0.006236472010612488,0,2000
48000,88,0.03192709994316101,0.006236472010612488,0,2000
48000,92,0.03197708487510681,0.006236472010612488,0,2000
48000,96,0.032052706718444825,0.006236472010612488,0,2000
48000,100,0.031125204205513,0.006236472010612488,0,2000
48000,104,0.03121008050441742,0.006236472010612488,0,2000
48000,108,0.03131390905380249,0.006236472010612488,0,2000
48000,112,0.03136452376842499,0.006236472010612488,0,2000
48000,116,0.03209533452987671,0.006236472010612488,0,2000
48000,120,0.03200419819355011,0.006236472010612488,0,2000
48000,124,0.03205855059623718,0.006236472010612488,0,2000
48000,128,0.0322818284034729,0.006236472010612488,0,2000
1,1,0.02458279323577881,0.0011682533025741577,1,2000
1,2,0.025038432121276856,0.0011682533025741577,1,2000
1,4,0.02512490165233612,0.0011682533025741577,1,2000
1,8,0.025266143202781678,0.0011682533025741577,1,2000
1,12,0.025300710678100587,0.0011682533025741577,1,2000
1,16,0.025485613346099854,0.0011682533025741577,1,2000
1,20,0.026798619866371155,0.0011682533025741577,1,2000
1,24,0.026842667818069457,0.0011682533025741577,1,2000
1,28,0.026917256355285645,0.0011682533025741577,1,2000
1,32,0.02609534287452698,0.0011682533025741577,1,2000
1,36,0.027241393208503724,0.0011682533025741577,1,2000
1,40,0.027284343361854552,0.0011682533025741577,1,2000
1,44,0.027486870408058167,0.0011682533025741577,1,2000
1,48,0.02756622362136841,0.0011682533025741577,1,2000
1,52,0.02766465425491333,0.0011682533025741577,1,2000
1,56,0.027926702857017517,0.0011682533025741577,1,2000
1,60,0.027979854345321655,0.0011682533025741577,1,2000
1,64,0.02801832687854767,0.0011682533025741577,1,2000
1,68,0.02979845333099365,0.0011682533025741577,1,2000
1,72,0.029937129855155946,0.0011682533025741577,1,2000
1,76,0.030036438703536988,0.0011682533025741577,1,2000
1,80,0.030093048810958863,0.0011682533025741577,1,2000
1,84,0.030133615970611573,0.0011682533025741577,1,2000
1,88,0.030192431926727294,0.0011682533025741577,1,2000
1,92,0.030234162449836732,0.0011682533025741577,1,2000
1,96,0.030247180223464967,0.0011682533025741577,1,2000
1,100,0.02930843758583069,0.0011682533025741577,1,2000
1,104,0.02937867295742035,0.0011682533025741577,1,2000
1,108,0.029429599046707153,0.0011682533025741577,1,2000
1,112,0.029571335554122925,0.0011682533025741577,1,2000
1,116,0.03007637071609497,0.0011682533025741577,1,2000
1,120,0.030025581240653992,0.0011682533025741577,1,2000
1,124,0.030052675724029542,0.0011682533025741577,1,2000
1,128,0.030554411053657533,0.0011682533025741577,1,2000
1000,1,0.02495025646686554,0.001241801142692566,1,2000
1000,2,0.025548512935638427,0.001241801142692566,1,2000
1000,4,0.025506346464157104,0.001241801142692566,1,2000
1000,8,0.025563154458999635,0.001241801142692566,1,2000
1000,12,0.02565156888961792,0.001241801142692566,1,2000
1000,16,0.025842617750167846,0.001241801142692566,1,2000
1000,20,0.0270706889629364,0.001241801142692566,1,2000
1000,24,0.027351372241973877,0.001241801142692566,1,2000
1000,28,0.027413955092430116,0.001241801142692566,1,2000
1000,32,0.026840376377105714,0.001241801142692566,1,2000
1000,36,0.027819399237632752,0.001241801142692566,1,2000
1000,40,0.02816440212726593,0.001241801142692566,1,2000
1000,44,0.02823958957195282,0.001241801142692566,1,2000
1000,48,0.028286404848098756,0.001241801142692566,1,2000
1000,52,0.02839394462108612,0.001241801142692566,1,2000
1000,56,0.028669329285621645,0.001241801142692566,1,2000
1000,60,0.028655070066452026,0.001241801142692566,1,2000
1000,64,0.028658642530441283,0.001241801142692566,1,2000
1000,68,0.030478983402252198,0.001241801142692566,1,2000
1000,72,0.030640650391578674,0.001241801142692566,1,2000
1000,76,0.030685417890548707,0.001241801142692566,1,2000
1000,80,0.03075268304347992,0.001241801142692566,1,2000
1000,84,0.03069835352897644,0.001241801142692566,1,2000
1000,88,0.03071382939815521,0.001241801142692566,1,2000
1000,92,0.030922236800193785,0.001241801142692566,1,2000
1000,96,0.030972581744194032,0.001241801142692566,1,2000
1000,100,0.02995852029323578,0.001241801142692566,1,2000
1000,104,0.029993590712547303,0.001241801142692566,1,2000
1000,108,0.030073469281196596,0.001241801142692566,1,2000
1000,112,0.030063658714294433,0.001241801142692566,1,2000
1000,116,0.030533785462379455,0.001241801142692566,1,2000
1000,120,0.030568153262138367,0.001241801142692566,1,2000
1000,124,0.030815288066864014,0.001241801142692566,1,2000
1000,128,0.03077468228340149,0.001241801142692566,1,2000
2000,1,0.02508896839618683,0.0011969691514968873,1,2000
2000,2,0.02549516010284424,0.0011969691514968873,1,2000
2000,4,0.02548650622367859,0.0011969691514968873,1,2000
2000,8,0.025850308418273925,0.0011969691514968873,1,2000
2000,12,0.02615715444087982,0.0011969691514968873,1,2000
2000,16,0.02614009153842926,0.0011969691514968873,1,2000
2000,20,0.02729602062702179,0.0011969691514968873,1,2000
2000,24,0.02745332956314087,0.0011969691514968873,1,2000
2000,28,0.027477237582206725,0.0011969691514968873,1,2000
2000,32,0.02685473167896271,0.0011969691514968873,1,2000
2000,36,0.028059018731117248,0.0011969691514968873,1,2000
2000,40,0.027929192543029786,0.0011969691514968873,1,2000
2000,44,0.02801569879055023,0.0011969691514968873,1,2000
2000,48,0.028102323055267334,0.0011969691514968873,1,2000
2000,52,0.028183000922203064,0.0011969691514968873,1,2000
2000,56,0.0283233106136322,0.0011969691514968873,1,2000
2000,60,0.02838219201564789,0.0011969691514968873,1,2000
2000,64,0.028641594886779784,0.0011969691514968873,1,2000
2000,68,0.03017759335041046,0.0011969691514968873,1,2000
2000,72,0.030373796939849852,0.0011969691514968873,1,2000
2000,76,0.030521061062812806,0.0011969691514968873,1,2000
2000,80,0.030597312688827514,0.0011969691514968873,1,2000
2000,84,0.03057123911380768,0.0011969691514968873,1,2000
2000,88,0.030497185707092284,0.0011969691514968873,1,2000
2000,92,0.030579355597496034,0.0011969691514968873,1,2000
2000,96,0.03063263201713562,0.0011969691514968873,1,2000
2000,100,0.029706430673599245,0.0011969691514968873,1,2000
2000,104,0.02963683307170868,0.0011969691514968873,1,2000
2000,108,0.02974852383136749,0.0011969691514968873,1,2000
2000,112,0.02982683789730072,0.0011969691514968873,1,2000
2000,116,0.030452102184295653,0.0011969691514968873,1,2000
2000,120,0.03036220145225525,0.0011969691514968873,1,2000
2000,124,0.030524660229682924,0.0011969691514968873,1,2000
2000,128,0.03043783736228943,0.0011969691514968873,1,2000
4000,1,0.025278911113739012,0.0011891341209411621,1,2000
4000,2,0.025748210072517395,0.0011891341209411621,1,2000
4000,4,0.025854407548904418,0.0011891341209411621,1,2000
4000,8,0.02600003159046173,0.0011891341209411621,1,2000
4000,12,0.0260924996137619,0.0011891341209411621,1,2000
4000,16,0.02631907594203949,0.0011891341209411621,1,2000
4000,20,0.027641965389251708,0.0011891341209411621,1,2000
4000,24,0.028079370141029358,0.0011891341209411621,1,2000
4000,28,0.027941929936408996,0.0011891341209411621,1,2000
4000,32,0.027110916018486024,0.0011891341209411621,1,2000
4000,36,0.028111806988716126,0.0011891341209411621,1,2000
4000,40,0.02821912968158722,0.0011891341209411621,1,2000
4000,44,0.028315360069274903,0.0011891341209411621,1,2000
4000,48,0.02842533314228058,0.0011891341209411621,1,2000
4000,52,0.02849033045768738,0.0011891341209411621,1,2000
4000,56,0.028753678560256957,0.0011891341209411621,1,2000
4000,60,0.02879711389541626,0.0011891341209411621,1,2000
4000,64,0.02867406463623047,0.0011891341209411621,1,2000
4000,68,0.030428651571273804,0.0011891341209411621,1,2000
4000,72,0.030645716786384582,0.0011891341209411621,1,2000
4000,76,0.03063599956035614,0.0011891341209411621,1,2000
4000,80,0.0305114107131958,0.0011891341209411621,1,2000
4000,84,0.030643911242485045,0.0011891341209411621,1,2000
4000,88,0.030686940550804138,0.0011891341209411621,1,2000
4000,92,0.030747097492218017,0.0011891341209411621,1,2000
4000,96,0.030770595788955687,0.0011891341209411621,1,2000
4000,100,0.029924730896949768,0.0011891341209411621,1,2000
4000,104,0.029950389504432677,0.0011891341209411621,1,2000
4000,108,0.030040127635002137,0.0011891341209411621,1,2000
4000,112,0.030104038119316102,0.0011891341209411621,1,2000
4000,116,0.030657320618629455,0.0011891341209411621,1,2000
4000,120,0.03067846429347992,0.0011891341209411621,1,2000
4000,124,0.030812668800354003,0.0011891341209411621,1,2000
4000,128,0.030888979077339174,0.0011891341209411621,1,2000
8000,1,0.025211698889732362,0.0013010833263397217,1,2000
8000,2,0.02564933466911316,0.0013010833263397217,1,2000
8000,4,0.025723318338394165,0.0013010833263397217,1,2000
8000,8,0.025856014251708984,0.0013010833263397217,1,2000
8000,12,0.02596690857410431,0.0013010833263397217,1,2000
8000,16,0.02612762701511383,0.0013010833263397217,1,2000
8000,20,0.027471076369285582,0.0013010833263397217,1,2000
8000,24,0.027580844044685363,0.0013010833263397217,1,2000
8000,28,0.02763812828063965,0.0013010833263397217,1,2000
8000,32,0.02705906414985657,0.0013010833263397217,1,2000
8000,36,0.028126988410949707,0.0013010833263397217,1,2000
8000,40,0.02817001223564148,0.0013010833263397217,1,2000
8000,44,0.028251187324523926,0.0013010833263397217,1,2000
8000,48,0.02833454382419586,0.0013010833263397217,1,2000
8000,52,0.02844721245765686,0.0013010833263397217,1,2000
8000,56,0.02867878496646881,0.0013010833263397217,1,2000
8000,60,0.028701380848884583,0.0013010833263397217,1,2000
8000,64,0.02874078321456909,0.0013010833263397217,1,2000
8000,68,0.030421873569488524,0.0013010833263397217,1,2000
8000,72,0.030601351141929627,0.0013010833263397217,1,2000
8000,76,0.03063493275642395,0.0013010833263397217,1,2000
8000,80,0.03066978394985199,0.0013010833263397217,1,2000
8000,84,0.030696117401123046,0.0013010833263397217,1,2000
8000,88,0.030772250175476076,0.0013010833263397217,1,2000
8000,92,0.03079186236858368,0.0013010833263397217,1,2000
8000,96,0.030923410654067993,0.0013010833263397217,1,2000
8000,100,0.029978163242340088,0.0013010833263397217,1,2000
8000,104,0.03007799756526947,0.0013010833263397217,1,2000
8000,108,0.030164516568183898,0.0013010833263397217,1,2000
8000,112,0.03023940932750702,0.0013010833263397217,1,2000
8000,116,0.030848132491111756,0.0013010833263397217,1,2000
8000,120,0.03093877649307251,0.0013010833263397217,1,2000
8000,124,0.031109844446182252,0.0013010833263397217,1,2000
8000,128,0.031040980696678162,0.0013010833263397217,1,2000
16000,1,0.02553390347957611,0.0022218525409698486,1,2000
16000,2,0.025993050932884218,0.0022218525409698486,1,2000
16000,4,0.026032625675201416,0.0022218525409698486,1,2000
16000,8,0.026218498349189757,0.0022218525409698486,1,2000
16000,12,0.02632818853855133,0.0022218525409698486,1,2000
16000,16,0.026535106420516968,0.0022218525409698486,1,2000
16000,20,0.027817052245140077,0.0022218525409698486,1,2000
16000,24,0.02791321134567261,0.0022218525409698486,1,2000
16000,28,0.028000817775726317,0.0022218525409698486,1,2000
16000,32,0.027286595582962037,0.0022218525409698486,1,2000
16000,36,0.028441232442855836,0.0022218525409698486,1,2000
16000,40,0.02845509910583496,0.0022218525409698486,1,2000
16000,44,0.028537293672561647,0.0022218525409698486,1,2000
16000,48,0.028693453907966612,0.0022218525409698486,1,2000
16000,52,0.02878931736946106,0.0022218525409698486,1,2000
16000,56,0.029035475969314575,0.0022218525409698486,1,2000
16000,60,0.029056880593299864,0.0022218525409698486,1,2000
16000,64,0.029092082500457764,0.0022218525409698486,1,2000
16000,68,0.030765389800071718,0.0022218525409698486,1,2000
16000,72,0.031123302698135374,0.0022218525409698486,1,2000
16000,76,0.03120065677165985,0.0022218525409698486,1,2000
16000,80,0.031234181523323058,0.0022218525409698486,1,2000
16000,84,0.03124987208843231,0.0022218525409698486,1,2000
16000,88,0.03134066224098206,0.0022218525409698486,1,2000
16000,92,0.03133254361152649,0.0022218525409698486,1,2000
16000,96,0.0312629142999649,0.0022218525409698486,1,2000
16000,100,0.030401046872138977,0.0022218525409698486,1,2000
16000,104,0.03045511996746063,0.0022218525409698486,1,2000
16000,108,0.030582109212875366,0.0022218525409698486,1,2000
16000,112,0.03077191388607025,0.0022218525409698486,1,2000
16000,116,0.0312633798122406,0.0022218525409698486,1,2000
16000,120,0.03159591281414032,0.0022218525409698486,1,2000
16000,124,0.03171716070175171,0.0022218525409698486,1,2000
16000,128,0.03140195572376251,0.0022218525409698486,1,2000
32000,1,0.02623673415184021,0.004245462656021118,1,2000
32000,2,0.02670704913139343,0.004245462656021118,1,2000
32000,4,0.026743364572525026,0.004245462656021118,1,2000
32000,8,0.026913397908210755,0.004245462656021118,1,2000
32000,12,0.027000405430793763,0.004245462656021118,1,2000
32000,16,0.027215506076812744,0.004245462656021118,1,2000
32000,20,0.028525225400924684,0.004245462656021118,1,2000
32000,24,0.028650670528411866,0.004245462656021118,1,2000
32000,28,0.02870599377155304,0.004245462656021118,1,2000
32000,32,0.027975828051567078,0.004245462656021118,1,2000
32000,36,0.029130553126335144,0.004245462656021118,1,2000
32000,40,0.029173121571540832,0.004245462656021118,1,2000
32000,44,0.02925482964515686,0.004245462656021118,1,2000
32000,48,0.029375643968582152,0.004245462656021118,1,2000
32000,52,0.02940660345554352,0.004245462656021118,1,2000
32000,56,0.029673308491706848,0.004245462656021118,1,2000
32000,60,0.029721394896507262,0.004245462656021118,1,2000
32000,64,0.02979668653011322,0.004245462656021118,1,2000
32000,68,0.03133326196670532,0.004245462656021118,1,2000
32000,72,0.03173245620727539,0.004245462656021118,1,2000
32000,76,0.031818306565284726,0.004245462656021118,1,2000
32000,80,0.031815137863159176,0.004245462656021118,1,2000
32000,84,0.03184897232055664,0.004245462656021118,1,2000
32000,88,0.03188691198825836,0.004245462656021118,1,2000
32000,92,0.031944750547409057,0.004245462656021118,1,2000
32000,96,0.03199989938735962,0.004245462656021118,1,2000
32000,100,0.03108433151245117,0.004245462656021118,1,2000
32000,104,0.03113129961490631,0.004245462656021118,1,2000
32000,108,0.031332874298095705,0.004245462656021118,1,2000
32000,112,0.031339783549308775,0.004245462656021118,1,2000
32000,116,0.031874585270881654,0.004245462656021118,1,2000
32000,120,0.03212154293060303,0.004245462656021118,1,2000
32000,124,0.03202462613582611,0.004245462656021118,1,2000
32000,128,0.03200014102458954,0.004245462656021118,1,2000
48000,1,0.02712875747680664,0.006242361426353454,1,2000
48000,2,0.027595099091529848,0.006242361426353454,1,2000
48000,4,0.027621543884277344,0.006242361426353454,1,2000
48000,8,0.027732635498046877,0.006242361426353454,1,2000
48000,12,0.0278185510635376,0.006242361426353454,1,2000
48000,16,0.028132699131965637,0.006242361426353454,1,2000
48000,20,0.029340372681617738,0.006242361426353454,1,2000
48000,24,0.029475371241569518,0.006242361426353454,1,2000
48000,28,0.029695067644119263,0.006242361426353454,1,2000
48000,32,0.028873956918716432,0.006242361426353454,1,2000
48000,36,0.030021876335144044,0.006242361426353454,1,2000
48000,40,0.029976503849029543,0.006242361426353454,1,2000
48000,44,0.030110621213912964,0.006242361426353454,1,2000
48000,48,0.03047351920604706,0.006242361426353454,1,2000
48000,52,0.030344939708709717,0.006242361426353454,1,2000
48000,56,0.03061256778240204,0.006242361426353454,1,2000
48000,60,0.030751917362213135,0.006242361426353454,1,2000
48000,64,0.03079792511463165,0.006242361426353454,1,2000
48000,68,0.03236455929279328,0.006242361426353454,1,2000
48000,72,0.0327164603471756,0.006242361426353454,1,2000
48000,76,0.03274681890010834,0.006242361426353454,1,2000
48000,80,0.03275255846977234,0.006242361426353454,1,2000
48000,84,0.03287363338470459,0.006242361426353454,1,2000
48000,88,0.032997010707855226,0.006242361426353454,1,2000
48000,92,0.0329802098274231,0.006242361426353454,1,2000
48000,96,0.033061803102493285,0.006242361426353454,1,2000
48000,100,0.03221277856826782,0.006242361426353454,1,2000
48000,104,0.03220911169052124,0.006242361426353454,1,2000
48000,108,0.03234322583675384,0.006242361426353454,1,2000
48000,112,0.0324018874168396,0.006242361426353454,1,2000
48000,116,0.032891167283058166,0.006242361426353454,1,2000
48000,120,0.03298006522655487,0.006242361426353454,1,2000
48000,124,0.03308518409729004,0.006242361426353454,1,2000
48000,128,0.03315120589733124,0.006242361426353454,1,2000
