token/s,latency,gamma,budget,ssl,acceptance_rate,avg_token_ac
19.34306819286279,0.051698106527328494,4,0.1,1,0.75,3.0
21.24534864299093,0.04706912636756897,5,0.1,1,0.8512820512820513,4.256410256410256
19.34849741482861,0.05168359994888306,3,0.1,1,0.807909604519774,2.423728813559322
21.75692937672601,0.045962368249893186,7,0.1,1,0.8333333333333334,5.833333333333334
21.213097404883996,0.047140687704086304,8,0.1,1,0.78125,6.25
20.930199077725778,0.04777785420417786,6,0.1,1,0.7952380952380952,4.771428571428571
19.676401541759972,0.050822300910949705,4,0.1,1,0.7755102040816326,3.1020408163265305
20.73254835464502,0.04823333740234375,5,0.1,1,0.7136363636363636,3.5681818181818183
22.614057586346455,0.044220281839370726,3,0.1,1,0.8787878787878788,2.6363636363636362
20.018111880487265,0.04995476126670837,7,0.1,1,0.6666666666666666,4.666666666666666
25.031331656264157,0.03994993209838867,4,0.1,1,0.9523809523809523,3.8095238095238093
18.696112439916792,0.05348705530166626,6,0.1,1,0.6085271317829457,3.6511627906976742
16.332036372632597,0.06122935175895691,8,0.1,1,0.503125,4.025
20.764601781477666,0.04815888166427612,5,0.1,1,0.7318181818181818,3.659090909090909
19.156080091456573,0.052202746868133545,3,0.1,1,0.6923076923076923,2.0769230769230766
18.481024527133325,0.05410955429077149,7,0.1,1,0.5970695970695971,4.17948717948718
20.633384225981462,0.04846514701843262,4,0.1,1,0.75,3.0
22.541715004589168,0.04436219692230225,8,0.1,1,0.7413793103448276,5.931034482758621
21.178722026950673,0.04721720218658447,6,0.1,1,0.7192982456140351,4.315789473684211
20.757751999415817,0.048174773454666135,5,0.1,1,0.7181818181818181,3.590909090909091
23.063806862920817,0.04335797667503357,3,0.1,1,0.9074074074074074,2.7222222222222223
24.03916437690735,0.04159878373146057,7,0.1,1,0.8095238095238095,5.666666666666667
23.39449680726471,0.0427450954914093,4,0.1,1,0.8666666666666667,3.466666666666667
20.640302993827746,0.04844890117645264,6,0.1,1,0.6965811965811965,4.179487179487179
19.797757950773757,0.050510770082473753,8,0.1,1,0.6515151515151515,5.212121212121212
21.746698464112047,0.045983991622924804,5,0.1,1,0.7523809523809524,3.761904761904762
23.495395370723074,0.04256153106689453,3,0.1,1,0.9245283018867925,2.7735849056603774
22.906068633327425,0.04365655303001404,4,0.1,1,0.842391304347826,3.369565217391304
19.493402537797564,0.051299407482147216,7,0.1,1,0.6293436293436293,4.405405405405405
22.941943286255345,0.043588286638259886,6,0.1,1,0.8095238095238095,4.857142857142858
21.753267162000824,0.04597010612487793,8,0.1,1,0.7333333333333333,5.866666666666666
24.03041454760251,0.041613930463790895,5,0.1,1,0.8631578947368421,4.315789473684211
21.094419250717568,0.047405903339385984,3,0.1,1,0.8135593220338984,2.440677966101695
24.033801200204817,0.04160806655883789,7,0.1,1,0.8095238095238095,5.666666666666667
21.0934963064163,0.04740797758102417,4,0.1,1,0.77,3.08
21.17873860264136,0.04721716523170471,6,0.1,1,0.7105263157894737,4.2631578947368425
18.690845716625116,0.053502126932144164,8,0.1,1,0.6,4.8
20.202945408700433,0.049497733116149904,5,0.1,1,0.6933333333333334,3.466666666666667
22.241121032456213,0.04496176242828369,3,0.1,1,0.8630952380952381,2.5892857142857144
22.432087218875495,0.044578999280929565,4,0.1,1,0.8191489361702128,3.276595744680851
23.67454989724274,0.04223945140838623,6,0.1,1,0.8235294117647058,4.9411764705882355
18.495054000959918,0.05406850934028626,7,0.1,1,0.6117216117216118,4.282051282051283
21.091276266641994,0.047412967681884764,8,0.1,1,0.6895161290322581,5.516129032258065
19.847086772163276,0.050385228395462035,5,0.1,1,0.6869565217391305,3.4347826086956523
21.47185227043901,0.046572600603103635,3,0.1,1,0.8218390804597702,2.4655172413793105
23.42756781381561,0.04268475532531738,4,0.1,1,0.8666666666666667,3.466666666666667
20.644322456202964,0.048439468145370486,6,0.1,1,0.7051282051282052,4.230769230769231
20.608620230287343,0.04852338433265686,7,0.1,1,0.6857142857142857,4.8
18.6865364019,0.05351446509361267,8,0.1,1,0.5928571428571429,4.742857142857143
25.35169451161693,0.03944509506225586,5,0.1,1,0.9166666666666666,4.583333333333333
21.848486001586842,0.045769761800765994,3,0.1,1,0.8362573099415205,2.5087719298245617
21.52427522615914,0.04645917177200318,4,0.1,1,0.7704081632653061,3.0816326530612246
22.357584010102293,0.044727551937103274,6,0.1,1,0.7592592592592593,4.555555555555555
21.213343632068124,0.04714014053344726,7,0.1,1,0.7100840336134454,4.970588235294118
23.34234282090355,0.04284060120582581,8,0.1,1,0.78125,6.25
21.716599705532033,0.04604772448539734,5,0.1,1,0.7666666666666667,3.8333333333333335
21.459052505687207,0.04660037994384766,3,0.1,1,0.8160919540229885,2.4482758620689653
23.937199595722355,0.041775981187820437,4,0.1,1,0.8863636363636364,3.5454545454545454
21.15702372617996,0.04726562738418579,6,0.1,1,0.7280701754385965,4.368421052631579
20.025652366885378,0.049935951232910156,7,0.1,1,0.6626984126984127,4.638888888888888
18.68280368558185,0.05352515697479248,8,0.1,1,0.6071428571428571,4.857142857142857
21.735741610924066,0.046007171869277955,5,0.1,1,0.7571428571428571,3.7857142857142856
23.500540013801224,0.042552213668823245,3,0.1,1,0.9245283018867925,2.7735849056603774
24.50173485880336,0.04081343650817871,4,0.1,1,0.936046511627907,3.744186046511628
22.331102266160418,0.044780592918396,6,0.1,1,0.7870370370370371,4.722222222222222
23.242199832800175,0.043025187253952026,7,0.1,1,0.7880184331797235,5.516129032258065
19.207665656971102,0.05206254720687866,8,0.1,1,0.6139705882352942,4.911764705882353
24.663020481230387,0.04054653406143188,5,0.1,1,0.8972972972972973,4.486486486486487
22.23745435760616,0.04496917605400085,3,0.1,1,0.8690476190476191,2.607142857142857
21.97242147583045,0.04551159739494324,4,0.1,1,0.7916666666666666,3.1666666666666665
20.1240258319259,0.04969184637069702,6,0.1,1,0.6708333333333333,4.0249999999999995
21.21031956436332,0.047146861553192136,7,0.1,1,0.726890756302521,5.088235294117647
19.227941335741253,0.05200764775276184,8,0.1,1,0.6323529411764706,5.0588235294117645
21.55192464546275,0.046399568319320676,5,0.1,1,0.7619047619047619,3.8095238095238093
23.89632504121447,0.04184743881225586,4,0.1,1,0.9034090909090909,3.6136363636363638
21.34450128604785,0.04685047388076782,3,0.1,1,0.8333333333333334,2.5
22.35455615085215,0.04473361015319824,6,0.1,1,0.7870370370370371,4.722222222222222
21.208097922937714,0.047151800394058224,7,0.1,1,0.7100840336134454,4.970588235294118
20.431032362134015,0.048945152759552,8,0.1,1,0.65625,5.25
25.29794250473096,0.03952890634536743,5,0.1,1,0.9388888888888889,4.694444444444445
20.755262616691642,0.048180551528930665,3,0.1,1,0.7833333333333333,2.35
19.892670364471666,0.05026977181434631,4,0.1,1,0.6933962264150944,2.7735849056603774
21.75173629181143,0.04597334146499634,6,0.1,1,0.7432432432432432,4.45945945945946
21.156532821699116,0.04726672410964966,7,0.1,1,0.7142857142857143,5.0
19.812859985477292,0.05047226905822754,8,0.1,1,0.6590909090909091,5.2727272727272725
23.38599996604425,0.04276062607765198,5,0.1,1,0.8307692307692308,4.153846153846154
22.971250009858192,0.043532676696777343,3,0.1,1,0.9197530864197531,2.759259259259259
22.907880157432473,0.04365310072898865,4,0.1,1,0.8369565217391305,3.347826086956522
21.746042263485897,0.04598537921905518,6,0.1,1,0.7567567567567568,4.54054054054054
21.783112481963954,0.04590712189674377,7,0.1,1,0.7272727272727273,5.090909090909091
23.340642476128007,0.042843722105026245,8,0.1,1,0.7723214285714286,6.178571428571429
17.55111118643231,0.0569764494895935,5,0.1,1,0.5807692307692308,2.903846153846154
21.512689451111505,0.046484192609786985,4,0.1,1,0.7857142857142857,3.142857142857143
20.744375826620647,0.04820583701133728,3,0.1,1,0.7777777777777778,2.3333333333333335
20.628937808432585,0.04847559332847595,6,0.1,1,0.688034188034188,4.128205128205128
19.42971661213476,0.051467554569244386,7,0.1,1,0.6486486486486487,4.54054054054054
18.679674746925787,0.0535341227054596,8,0.1,1,0.5964285714285714,4.771428571428571
20.30004574439105,0.04926097273826599,5,0.1,1,0.7111111111111111,3.555555555555556
22.234929247131568,0.04497428297996521,3,0.1,1,0.8690476190476191,2.607142857142857
21.516622656290018,0.04647569537162781,4,0.1,1,0.7908163265306123,3.163265306122449
22.998514800615574,0.04348106861114502,6,0.1,1,0.7904761904761904,4.742857142857143
21.788581454985774,0.045895599126815796,7,0.1,1,0.7402597402597403,5.181818181818182
17.67840784304684,0.056566179990768434,8,0.1,1,0.5540540540540541,4.4324324324324325
21.740301069942845,0.045997523069381714,5,0.1,1,0.7523809523809524,3.761904761904762
24.50859060545826,0.040802019834518435,4,0.1,1,0.9302325581395349,3.7209302325581395
22.64041030043493,0.04416881084442139,3,0.1,1,0.896969696969697,2.690909090909091
20.64240269207818,0.04844397306442261,6,0.1,1,0.7094017094017094,4.256410256410256
24.786807684358095,0.04034404158592224,7,0.1,1,0.8669950738916257,6.06896551724138
21.090285726008872,0.04741519451141357,8,0.1,1,0.7056451612903226,5.645161290322581
24.66773095643194,0.040538791418075565,5,0.1,1,0.9081081081081082,4.54054054054054
22.91928570015638,0.04363137722015381,4,0.1,1,0.842391304347826,3.369565217391304
22.238483074236317,0.044967095851898196,3,0.1,1,0.8571428571428571,2.571428571428571
19.63360653462424,0.050933077335357665,6,0.1,1,0.6504065040650406,3.902439024390244
20.541869845146145,0.04868106007575989,7,0.1,1,0.6938775510204082,4.857142857142857
19.802909235005654,0.05049763083457947,8,0.1,1,0.6325757575757576,5.0606060606060606
21.218409455520895,0.047128885984420776,5,0.1,1,0.7348837209302326,3.674418604651163
21.089976068584416,0.04741589069366455,4,0.1,1,0.765,3.06
21.466914123929328,0.04658331394195556,3,0.1,1,0.8275862068965517,2.4827586206896552
21.75577884244615,0.04596479892730713,6,0.1,1,0.7477477477477478,4.486486486486487
21.158413322800968,0.04726252317428589,7,0.1,1,0.726890756302521,5.088235294117647
21.074030406104413,0.04745176792144776,8,0.1,1,0.7056451612903226,5.645161290322581
20.727053728447142,0.04824612379074097,5,0.1,1,0.7136363636363636,3.5681818181818183
22.635181508019297,0.04417901396751404,3,0.1,1,0.8848484848484849,2.6545454545454548
19.52396219263713,0.051219111680984496,4,0.1,1,0.6944444444444444,2.7777777777777777
18.690211477293083,0.05350394248962402,6,0.1,1,0.6124031007751938,3.6744186046511627
21.06127525716783,0.04748050570487976,7,0.1,1,0.7226890756302521,5.0588235294117645
14.806483682524272,0.06753798007965088,8,0.1,1,0.4563953488372093,3.6511627906976742
21.71356198134576,0.04605416655540466,5,0.1,1,0.7714285714285715,3.857142857142857
21.86069103807641,0.045744208097457884,3,0.1,1,0.847953216374269,2.543859649122807
21.96153961749478,0.04553414821624756,4,0.1,1,0.796875,3.1875
21.181802877612572,0.04721033453941345,6,0.1,1,0.7280701754385965,4.368421052631579
21.17896424849527,0.04721666216850281,7,0.1,1,0.7142857142857143,5.0
23.345440838958968,0.04283491611480713,8,0.1,1,0.78125,6.25
23.994305169365408,0.0416765558719635,5,0.1,1,0.868421052631579,4.342105263157895
20.76994611520597,0.04814648985862732,3,0.1,1,0.7777777777777778,2.3333333333333335
21.963407812986706,0.045530275106430054,4,0.1,1,0.796875,3.1875
21.74326625144047,0.04599125027656555,6,0.1,1,0.7612612612612613,4.5675675675675675
20.005133992726748,0.049987168312072755,7,0.1,1,0.6547619047619048,4.583333333333333
20.42068031672838,0.048969964981079105,8,0.1,1,0.6796875,5.4375
21.721323244370144,0.04603771090507507,5,0.1,1,0.7761904761904762,3.880952380952381
21.12071621129871,0.047346879243850705,3,0.1,1,0.8022598870056498,2.4067796610169494
21.08749118495896,0.047421478033065796,4,0.1,1,0.765,3.06
21.17555654570725,0.047224260568618774,6,0.1,1,0.7192982456140351,4.315789473684211
18.463203354583406,0.054161782264709475,7,0.1,1,0.6153846153846154,4.307692307692308
18.16529327037441,0.05505003333091736,8,0.1,1,0.5868055555555556,4.694444444444445
19.41014152665155,0.05151945948600769,5,0.1,1,0.6510638297872341,3.2553191489361706
22.250119206426433,0.04494357943534851,3,0.1,1,0.875,2.625
21.968376838984934,0.04551997661590576,4,0.1,1,0.7916666666666666,3.1666666666666665
21.729891586631574,0.046019557714462284,6,0.1,1,0.7522522522522522,4.513513513513513
17.562786441046022,0.056938573122024536,7,0.1,1,0.5609756097560976,3.9268292682926833
20.28236381408852,0.04930391788482666,8,0.1,1,0.67578125,5.40625
21.851822300252337,0.04576277375221252,5,0.1,1,0.7951219512195122,3.975609756097561
21.206823491068675,0.04715463399887085,3,0.1,1,0.8160919540229885,2.4482758620689653
21.285004481757095,0.04698143243789673,4,0.1,1,0.7806122448979592,3.122448979591837
20.145018733053252,0.04964006304740906,6,0.1,1,0.675,4.050000000000001
22.49414049731401,0.044456021785736086,7,0.1,1,0.7633928571428571,5.34375
25.08242618704937,0.03986855149269104,8,0.1,1,0.8413461538461539,6.730769230769231
22.232567927260142,0.04497905969619751,5,0.1,1,0.775609756097561,3.8780487804878048
25.076091213679145,0.03987862348556519,4,0.1,1,0.9404761904761905,3.761904761904762
23.46028432094587,0.0426252293586731,3,0.1,1,0.9433962264150944,2.830188679245283
26.855831390898057,0.03723586082458496,6,0.1,1,0.9666666666666667,5.8
23.23373022797207,0.04304087162017822,7,0.1,1,0.7880184331797235,5.516129032258065
23.312992452312642,0.04289453625679016,8,0.1,1,0.7767857142857143,6.214285714285714
22.428799871319143,0.044585533142089843,4,0.1,1,0.8297872340425532,3.3191489361702127
20.693820823495663,0.0483236038684845,5,0.1,1,0.7272727272727273,3.6363636363636367
22.621175439768354,0.04420636773109436,3,0.1,1,0.8787878787878788,2.6363636363636362
23.03733609710066,0.04340779662132263,6,0.1,1,0.7857142857142857,4.714285714285714
21.82731783824049,0.045814149379730225,7,0.1,1,0.7359307359307359,5.151515151515151
19.786496812642437,0.05053951740264893,8,0.1,1,0.6590909090909091,5.2727272727272725
21.06954077105213,0.04746187925338745,3,0.1,1,0.807909604519774,2.423728813559322
20.697003738637303,0.0483161723613739,5,0.1,1,0.7227272727272728,3.6136363636363638
19.893869582085184,0.05026674151420593,4,0.1,1,0.6981132075471698,2.792452830188679
17.160113034153678,0.05827467441558838,6,0.1,1,0.5531914893617021,3.3191489361702127
18.468183572239884,0.05414717674255371,7,0.1,1,0.5934065934065934,4.153846153846154
13.899421182763296,0.07194544196128845,8,0.1,1,0.40691489361702127,3.25531914893617
21.079656000324665,0.04743910431861877,4,0.1,1,0.75,3.0
20.25289904137673,0.04937564730644226,5,0.1,1,0.7022222222222222,3.511111111111111
20.069529611547573,0.049826778173446655,3,0.1,1,0.7419354838709677,2.225806451612903
22.391807733550607,0.04465919017791748,6,0.1,1,0.7592592592592593,4.555555555555555
20.569746063213152,0.04861508727073669,7,0.1,1,0.6938775510204082,4.857142857142857
15.548650858423317,0.06431426167488098,8,0.1,1,0.4791666666666667,3.8333333333333335
24.389432512007684,0.04100136399269104,3,0.1,1,0.9934640522875817,2.980392156862745
22.77593984872583,0.04390598177909851,5,0.1,1,0.8,4.0
21.505912902648394,0.04649883985519409,4,0.1,1,0.7704081632653061,3.0816326530612246
25.955783066471444,0.038527059555053714,6,0.1,1,0.9086021505376344,5.451612903225806
21.740209230978476,0.04599771738052368,7,0.1,1,0.7489177489177489,5.242424242424242
24.155810849751525,0.04139790654182434,8,0.1,1,0.8240740740740741,6.592592592592593
23.02057758197008,0.043439396619796754,3,0.1,1,0.9197530864197531,2.759259259259259
23.410441444328477,0.04271598219871521,4,0.1,1,0.8722222222222222,3.488888888888889
20.685519932856334,0.04834299564361572,5,0.1,1,0.7227272727272728,3.6136363636363638
22.38920741197733,0.044664376974105836,6,0.1,1,0.7592592592592593,4.555555555555555
25.7483413428874,0.03883745312690735,7,0.1,1,0.8775510204081632,6.142857142857142
21.763128217225937,0.04594927668571472,8,0.1,1,0.7208333333333333,5.766666666666667
22.644921990550614,0.04416001081466675,3,0.1,1,0.8787878787878788,2.6363636363636362
24.524793476620484,0.04077506303787232,4,0.1,1,0.9186046511627907,3.6744186046511627
22.23860393258077,0.04496685147285461,5,0.1,1,0.775609756097561,3.8780487804878048
22.393562739128992,0.04465569019317627,6,0.1,1,0.7685185185185185,4.611111111111111
20.605538842948736,0.04853064060211182,7,0.1,1,0.7020408163265306,4.914285714285715
23.31439653024212,0.0428919529914856,8,0.1,1,0.7678571428571429,6.142857142857143
21.96458788970146,0.04552782893180847,4,0.1,1,0.796875,3.1875
19.46933566310947,0.051362820863723756,3,0.1,1,0.7083333333333334,2.125
21.727527133870304,0.046024565696716306,5,0.1,1,0.7523809523809524,3.761904761904762
17.531095166800835,0.057041501998901366,6,0.1,1,0.5652173913043478,3.391304347826087
17.60010245420969,0.056817851066589355,7,0.1,1,0.5609756097560976,3.9268292682926833
23.429592335090163,0.04268106698989868,4,0.1,1,0.8777777777777778,3.511111111111111
23.49837814677007,0.04255612850189209,3,0.1,1,0.9433962264150944,2.830188679245283
24.659307762747737,0.04055263876914978,5,0.1,1,0.9027027027027027,4.513513513513513
14.198920618332732,0.07042788863182067,8,0.1,1,0.421195652173913,3.369565217391304
24.41937380257168,0.04095109105110169,6,0.1,1,0.8585858585858586,5.151515151515151
26.698209942841075,0.03745569467544556,7,0.1,1,0.9312169312169312,6.518518518518518
22.43064405000901,0.04458186745643616,4,0.1,1,0.8297872340425532,3.3191489361702127
21.857722791517713,0.04575042009353638,3,0.1,1,0.847953216374269,2.543859649122807
21.754184433587042,0.045968167781829834,8,0.1,1,0.7083333333333334,5.666666666666667
21.20462563024715,0.04715952157974243,5,0.1,1,0.7348837209302326,3.674418604651163
22.372698026765974,0.044697335958480834,6,0.1,1,0.7685185185185185,4.611111111111111
21.854470095388315,0.04575722932815552,7,0.1,1,0.7229437229437229,5.0606060606060606
20.28013569783028,0.04930933475494385,4,0.1,1,0.7259615384615384,2.9038461538461537
23.067612216225758,0.04335082411766052,3,0.1,1,0.9074074074074074,2.7222222222222223
22.250282683834676,0.044943249225616454,5,0.1,1,0.7902439024390244,3.951219512195122
19.197808550937353,0.05208927869796753,8,0.1,1,0.6360294117647058,5.088235294117647
21.78282060901214,0.04590773701667786,6,0.1,1,0.7387387387387387,4.4324324324324325
17.590346292286455,0.05684936404228211,7,0.1,1,0.5609756097560976,3.9268292682926833
22.505411786320217,0.044433757066726684,8,0.1,1,0.7672413793103449,6.137931034482759
22.286309758740817,0.04487059593200684,4,0.055,1,0.8611111111111112,3.4444444444444446
22.860092855174532,0.043744354248046874,4,0.075,1,0.9127906976744186,3.6511627906976742
21.557665376401474,0.04638721227645874,4,0.09,1,0.8833333333333333,3.533333333333333
22.954614480318295,0.04356422543525696,4,0.06,1,0.8920454545454546,3.5681818181818183
22.14012038781253,0.04516687273979187,4,0.07,1,0.8666666666666667,3.466666666666667
20.569590207348412,0.048615455627441406,4,0.095,1,0.8351063829787234,3.3404255319148937
18.9080751419344,0.05288745641708374,4,0.085,1,0.7163461538461539,2.8653846153846154
19.062366346717994,0.052459384202957156,4,0.08,1,0.7307692307692307,2.923076923076923
21.773034385040717,0.0459283709526062,4,0.055,1,0.76,3.04
24.847754111556494,0.04024508595466614,4,0.09,1,0.9186046511627907,3.6744186046511627
19.673893437189328,0.050828779935836794,4,0.075,1,0.6681818181818182,2.672727272727273
21.656320464909015,0.04617589592933655,4,0.07,1,0.75,3.0
21.073555521641346,0.047452837228775024,4,0.06,1,0.7259615384615384,2.9038461538461537
19.250818329967057,0.05194584369659424,4,0.095,1,0.6772727272727272,2.709090909090909
23.512881591342325,0.042529878616333006,4,0.08,1,0.842391304347826,3.369565217391304
22.336260490298635,0.04477025151252747,4,0.085,1,0.7916666666666666,3.1666666666666665
22.680017635490778,0.04409167647361755,4,0.055,1,0.8125,3.25
21.367757824972895,0.04679948210716248,4,0.09,1,0.765,3.06
24.110320923971138,0.04147601366043091,4,0.075,1,0.8666666666666667,3.466666666666667
23.38922240403537,0.04275473475456238,4,0.06,1,0.8191489361702128,3.276595744680851
19.34846082017689,0.05168369770050049,4,0.07,1,0.6607142857142857,2.642857142857143
20.390781370710545,0.04904176950454712,4,0.095,1,0.7259615384615384,2.9038461538461537
23.915117635006208,0.04181455492973327,4,0.085,1,0.8611111111111112,3.4444444444444446
21.62998486603854,0.046232117414474486,4,0.08,1,0.75,3.0
21.374066885635603,0.04678566813468933,4,0.055,1,0.7450980392156863,2.980392156862745
23.161919572004933,0.04317431449890137,4,0.075,1,0.824468085106383,3.297872340425532
20.95635022198306,0.04771823287010193,4,0.09,1,0.7450980392156863,2.980392156862745
22.205410252014726,0.04503407001495361,4,0.065,1,0.8777777777777778,3.511111111111111
21.596565087182604,0.04630365967750549,4,0.06,1,0.7401960784313726,2.9607843137254903
24.16984139359866,0.041373875141143795,4,0.07,1,0.8777777777777778,3.511111111111111
21.652627765572312,0.04618377089500427,4,0.095,1,0.7857142857142857,3.142857142857143
24.379252527819993,0.04101848483085632,4,0.08,1,0.8920454545454546,3.5681818181818183
22.884266518437126,0.043698145151138304,4,0.085,1,0.8297872340425532,3.3191489361702127
20.59717964806322,0.048550336360931395,4,0.055,1,0.6933962264150944,2.7735849056603774
21.30703008386406,0.04693286657333374,4,0.075,1,0.7401960784313726,2.9607843137254903
20.927896845420562,0.047783110141754154,4,0.09,1,0.75,3.0
22.15956637178194,0.04512723684310913,4,0.065,1,0.7806122448979592,3.122448979591837
22.470181086139682,0.04450342416763306,4,0.06,1,0.7806122448979592,3.122448979591837
21.759090272409875,0.04595780372619629,4,0.07,1,0.77,3.08
22.573655272900904,0.044299427270889286,4,0.095,1,0.8191489361702128,3.276595744680851
24.057463459137942,0.04156714200973511,4,0.08,1,0.8722222222222222,3.488888888888889
23.39484129822811,0.042744466066360474,4,0.085,1,0.8586956521739131,3.4347826086956523
23.710110693714395,0.04217610001564026,4,0.055,1,0.8532608695652174,3.4130434782608696
22.530563456662037,0.04438415408134461,4,0.075,1,0.7916666666666666,3.1666666666666665
22.247803632860297,0.04494825720787048,4,0.09,1,0.796875,3.1875
23.663650052055974,0.04225890755653381,4,0.065,1,0.8478260869565217,3.391304347826087
22.200499115101113,0.04504403233528137,4,0.07,1,0.7908163265306123,3.163265306122449
21.185934902421824,0.04720112681388855,4,0.06,1,0.7115384615384616,2.8461538461538463
24.668073342853045,0.04053822875022888,4,0.095,1,0.9186046511627907,3.6744186046511627
22.55997033100215,0.04432629942893982,4,0.08,1,0.7916666666666666,3.1666666666666665
22.904172344626673,0.04366016745567322,4,0.085,1,0.8351063829787234,3.3404255319148937
22.256908195607913,0.04492987036705017,4,0.055,1,0.7704081632653061,3.0816326530612246
18.672982313239412,0.05355330944061279,4,0.075,1,0.6293103448275862,2.5172413793103448
23.15735232812661,0.04318282961845398,4,0.065,1,0.8138297872340425,3.25531914893617
19.415926636632644,0.05150410890579224,4,0.09,1,0.6681818181818182,2.672727272727273
23.468183263155364,0.04261088252067566,4,0.06,1,0.824468085106383,3.297872340425532
20.135911391320636,0.04966251492500305,4,0.07,1,0.6851851851851852,2.740740740740741
22.900967755109974,0.0436662769317627,4,0.085,1,0.8351063829787234,3.3404255319148937
19.651383763122315,0.05088700175285339,4,0.095,1,0.6805555555555556,2.7222222222222223
21.24850757657793,0.04706212878227234,4,0.08,1,0.7401960784313726,2.9607843137254903
19.83823597228808,0.05040770769119263,4,0.055,1,0.6681818181818182,2.672727272727273
23.732377483125575,0.04213652849197388,4,0.09,1,0.8833333333333333,3.533333333333333
22.215925047185557,0.04501275539398193,4,0.065,1,0.7704081632653061,3.0816326530612246
18.476214808974014,0.054123640060424805,4,0.075,1,0.597457627118644,2.389830508474576
23.957106749876832,0.04174126744270325,4,0.06,1,0.842391304347826,3.369565217391304
24.65898736571299,0.04055316567420959,4,0.095,1,0.9186046511627907,3.6744186046511627
20.495301423768037,0.04879167079925537,4,0.07,1,0.7075471698113207,2.830188679245283
21.102216047535006,0.04738838791847229,4,0.085,1,0.7352941176470589,2.9411764705882355
21.23467388127478,0.047092788219451905,4,0.08,1,0.7352941176470589,2.9411764705882355
22.250267929457333,0.04494327902793884,4,0.09,1,0.796875,3.1875
20.206563169092153,0.049488871097564696,4,0.055,1,0.6898148148148148,2.759259259259259
20.542113312398776,0.04868048310279846,4,0.065,1,0.6933962264150944,2.7735849056603774
21.807914019613584,0.045854912996292116,4,0.075,1,0.77,3.08
22.95731387587485,0.04355910301208496,4,0.06,1,0.8020833333333334,3.2083333333333335
22.640811769194787,0.04416802763938904,4,0.07,1,0.7916666666666666,3.1666666666666665
22.099261327507154,0.045250381231307986,4,0.095,1,0.796875,3.1875
23.918912437862524,0.041807920932769777,4,0.085,1,0.8666666666666667,3.466666666666667
22.107118461110314,0.045234298706054686,4,0.08,1,0.7704081632653061,3.0816326530612246
21.8409930047495,0.04578546404838562,4,0.055,1,0.765,3.06
20.94737866976756,0.047738670110702514,4,0.09,1,0.7303921568627451,2.9215686274509802
23.691157701662224,0.04220984101295471,4,0.075,1,0.8532608695652174,3.4130434782608696
20.93561176209595,0.047765501737594605,4,0.065,1,0.7211538461538461,2.8846153846153846
25.05399299685922,0.03991379737854004,4,0.06,1,0.8920454545454546,3.5681818181818183
24.106439516246297,0.04148269176483154,4,0.095,1,0.8920454545454546,3.5681818181818183
22.429551300042945,0.044584039449691776,4,0.085,1,0.7916666666666666,3.1666666666666665
20.498174113552437,0.04878483295440674,4,0.07,1,0.7122641509433962,2.849056603773585
23.536951176767875,0.0424863862991333,4,0.08,1,0.8369565217391305,3.347826086956522
24.24654789937302,0.041242984533309934,4,0.055,1,0.8722222222222222,3.488888888888889
22.718076645256676,0.0440178108215332,4,0.09,1,0.8138297872340425,3.25531914893617
20.570035588143288,0.04861440300941467,4,0.075,1,0.7028301886792453,2.811320754716981
23.433254243917634,0.04267439723014831,4,0.06,1,0.8138297872340425,3.25531914893617
21.32466118731063,0.04689406275749206,4,0.065,1,0.7450980392156863,2.980392156862745
23.05254657077964,0.04337915539741516,4,0.095,1,0.842391304347826,3.369565217391304
21.10073403750713,0.04739171624183655,4,0.085,1,0.7450980392156863,2.980392156862745
20.910657440453814,0.0478225040435791,4,0.07,1,0.7115384615384616,2.8461538461538463
20.384645049784453,0.04905653238296509,4,0.08,1,0.7122641509433962,2.849056603773585
23.736263611886457,0.042129629850387575,4,0.09,1,0.8833333333333333,3.533333333333333
22.257865481067512,0.04492793798446655,4,0.055,1,0.7755102040816326,3.1020408163265305
24.465541901057648,0.04087381362915039,4,0.06,1,0.8666666666666667,3.466666666666667
22.714124952208483,0.04402546882629395,4,0.075,1,0.8125,3.25
22.67296259762073,0.044105396270751954,4,0.065,1,0.7916666666666666,3.1666666666666665
23.063179734378057,0.04335915565490723,4,0.095,1,0.8532608695652174,3.4130434782608696
23.918911755849066,0.04180792212486267,4,0.085,1,0.8722222222222222,3.488888888888889
22.78177090716911,0.04389474391937256,4,0.08,1,0.8297872340425532,3.3191489361702127
20.50788341150073,0.04876173615455628,4,0.07,1,0.6933962264150944,2.7735849056603774
23.04590748304732,0.04339165210723877,4,0.09,1,0.842391304347826,3.369565217391304
23.358040160776763,0.042811810970306396,4,0.06,1,0.8351063829787234,3.3404255319148937
20.899875227719377,0.04784717559814453,4,0.055,1,0.7115384615384616,2.8461538461538463
23.024868569039516,0.043431301116943356,4,0.075,1,0.8351063829787234,3.3404255319148937
22.1328587654992,0.04518169164657593,4,0.065,1,0.7806122448979592,3.122448979591837
21.216992648571733,0.04713203310966492,4,0.095,1,0.755,3.02
21.975457801953336,0.045505309104919435,4,0.085,1,0.7755102040816326,3.1020408163265305
24.17714463945838,0.041361377239227295,4,0.07,1,0.8611111111111112,3.4444444444444446
20.81581871678935,0.048040387630462644,4,0.08,1,0.7307692307692307,2.923076923076923
25.433793944321494,0.03931776762008667,4,0.09,1,0.9583333333333334,3.8333333333333335
23.104921600310245,0.04328082203865051,4,0.075,1,0.8138297872340425,3.25531914893617
20.804378146083817,0.04806680560112,4,0.06,1,0.6981132075471698,2.792452830188679
24.191436483048477,0.04133694171905518,4,0.065,1,0.8722222222222222,3.488888888888889
19.14689858816009,0.05222777962684631,4,0.055,1,0.6403508771929824,2.56140350877193
21.65167768336613,0.046185797452926634,4,0.095,1,0.7704081632653061,3.0816326530612246
20.3193014116216,0.04921429038047791,4,0.085,1,0.6933962264150944,2.7735849056603774
19.784741668752194,0.05054400086402893,4,0.07,1,0.6681818181818182,2.672727272727273
22.104668295112088,0.04523931264877319,4,0.08,1,0.7755102040816326,3.1020408163265305
23.237774036894134,0.043033381700515745,4,0.09,1,0.8369565217391305,3.347826086956522
24.674692263029744,0.04052735447883606,4,0.075,1,0.9090909090909091,3.6363636363636362
23.462880835468628,0.042620512247085574,4,0.06,1,0.8138297872340425,3.25531914893617
22.658868129489342,0.04413283109664917,4,0.065,1,0.8020833333333334,3.2083333333333335
23.706602265195535,0.04218234181404114,4,0.055,1,0.8532608695652174,3.4130434782608696
22.10145990007376,0.04524587988853455,4,0.095,1,0.8125,3.25
22.428038299008463,0.04458704710006714,4,0.085,1,0.796875,3.1875
22.571421883059557,0.04430381059646606,4,0.08,1,0.796875,3.1875
21.766625442469046,0.04594189405441284,4,0.07,1,0.75,3.0
23.230244272628422,0.04304733037948608,4,0.09,1,0.8478260869565217,3.391304347826087
22.54758066915713,0.04435065627098084,4,0.075,1,0.8072916666666666,3.2291666666666665
22.647793001864013,0.04415441274642944,4,0.065,1,0.7916666666666666,3.1666666666666665
23.213263121530336,0.04307882070541382,4,0.055,1,0.8138297872340425,3.25531914893617
24.110460212274514,0.04147577404975891,4,0.095,1,0.8863636363636364,3.5454545454545454
16.46277566772441,0.060743098258972165,4,0.06,1,0.5111940298507462,2.044776119402985
23.644903197234004,0.04229241251945495,4,0.07,1,0.842391304347826,3.369565217391304
21.109256845453743,0.047372581958770754,4,0.085,1,0.7352941176470589,2.9411764705882355
20.422229421907772,0.0489662504196167,4,0.08,1,0.7122641509433962,2.849056603773585
20.560494133747547,0.048636963367462156,4,0.09,1,0.7259615384615384,2.9038461538461537
21.311614473297414,0.04692277073860168,4,0.075,1,0.75,3.0
23.660637853362854,0.04226428747177124,4,0.065,1,0.8478260869565217,3.391304347826087
19.482454114284366,0.051328235864639284,4,0.055,1,0.6607142857142857,2.642857142857143
22.571252438012326,0.044304143190383914,4,0.095,1,0.8297872340425532,3.3191489361702127
22.500633823844503,0.04444319248199463,4,0.06,1,0.7704081632653061,3.0816326530612246
23.402939104598367,0.04272967576980591,4,0.085,1,0.8369565217391305,3.347826086956522
23.148163197513117,0.04319997191429138,4,0.07,1,0.8297872340425532,3.3191489361702127
21.664656305764595,0.0461581289768219,4,0.08,1,0.755,3.02
22.274333516496444,0.04489472150802612,4,0.09,1,0.8072916666666666,3.2291666666666665
24.179263155485664,0.04135775327682495,4,0.075,1,0.8666666666666667,3.466666666666667
22.18289870599352,0.0450797712802887,4,0.065,1,0.7755102040816326,3.1020408163265305
24.23475944035515,0.04126304626464844,4,0.055,1,0.8777777777777778,3.511111111111111
23.559669891946804,0.04244541645050049,4,0.095,1,0.8777777777777778,3.511111111111111
23.9379366366395,0.04177469491958618,4,0.06,1,0.8532608695652174,3.4130434782608696
23.91657676979748,0.04181200385093689,4,0.085,1,0.8611111111111112,3.4444444444444446
23.139840488459097,0.04321550965309143,4,0.07,1,0.8191489361702128,3.276595744680851
22.560830083703003,0.04432461023330689,4,0.08,1,0.796875,3.1875
23.155444248668577,0.04318638801574707,4,0.075,1,0.8191489361702128,3.276595744680851
20.180363965986476,0.04955312013626099,4,0.09,1,0.6981132075471698,2.792452830188679
25.046154974302084,0.03992628812789917,4,0.06,1,0.8920454545454546,3.5681818181818183
23.059070318414765,0.04336688280105591,4,0.095,1,0.842391304347826,3.369565217391304
18.14518121153784,0.055111050605773926,4,0.065,1,0.5916666666666667,2.3666666666666667
20.5813571542904,0.04858766078948975,4,0.055,1,0.7075471698113207,2.830188679245283
22.422440231474333,0.04459817886352539,4,0.085,1,0.8020833333333334,3.2083333333333335
20.896626490657482,0.0478546142578125,4,0.07,1,0.7259615384615384,2.9038461538461537
21.659487037860508,0.046169145107269285,4,0.08,1,0.75,3.0
22.681125115327244,0.044089523553848264,4,0.075,1,0.7916666666666666,3.1666666666666665
20.53924136998759,0.048687289953231815,4,0.09,1,0.7259615384615384,2.9038461538461537
22.572650587590402,0.04430139899253845,4,0.095,1,0.824468085106383,3.297872340425532
21.325142035285925,0.04689300537109375,4,0.065,1,0.7401960784313726,2.9607843137254903
20.578003242836665,0.04859557986259461,4,0.055,1,0.6981132075471698,2.792452830188679
18.69323147493636,0.0534952986240387,4,0.06,1,0.6101694915254238,2.440677966101695
23.402747804596086,0.04273002505302429,4,0.085,1,0.8532608695652174,3.4130434782608696
21.741448277233033,0.04599509596824646,4,0.07,1,0.76,3.04
22.563900123621735,0.04431857943534851,4,0.08,1,0.8020833333333334,3.2083333333333335
22.228378658794767,0.044987536668777466,4,0.075,1,0.7806122448979592,3.122448979591837
21.810874423709958,0.04584868907928467,4,0.09,1,0.7857142857142857,3.142857142857143
22.099497117447047,0.0452498984336853,4,0.095,1,0.8125,3.25
22.18502770441487,0.0450754451751709,4,0.065,1,0.7908163265306123,3.163265306122449
22.962155154668523,0.04354991912841797,4,0.06,1,0.8125,3.25
20.5849788691661,0.04857911229133606,4,0.055,1,0.6933962264150944,2.7735849056603774
23.91844049384749,0.041808745861053466,4,0.085,1,0.8611111111111112,3.4444444444444446
22.18699749451627,0.04507144331932068,4,0.07,1,0.7755102040816326,3.1020408163265305
21.59883661051582,0.046298789978027347,4,0.08,1,0.76,3.04
23.528640270780773,0.04250139355659485,4,0.075,1,0.842391304347826,3.369565217391304
22.261082823404042,0.04492144465446472,4,0.09,1,0.796875,3.1875
24.111382604789103,0.04147418737411499,4,0.095,1,0.8863636363636364,3.5454545454545454
22.664818812662478,0.044121243953704835,4,0.065,1,0.8072916666666666,3.2291666666666665
23.392397458556168,0.04274893164634705,4,0.06,1,0.8351063829787234,3.3404255319148937
23.394693191968383,0.04274473667144776,4,0.085,1,0.8369565217391305,3.347826086956522
20.976536538713233,0.047672312259674075,4,0.055,1,0.7163461538461539,2.8653846153846154
24.166822187775505,0.04137904405593872,4,0.07,1,0.8833333333333333,3.533333333333333
24.51793726265497,0.040786465406417845,4,0.08,1,0.8863636363636364,3.5454545454545454
22.670953980704493,0.044109303951263425,4,0.075,1,0.8125,3.25
21.798397523332703,0.04587493181228638,4,0.09,1,0.7704081632653061,3.0816326530612246
21.641184823168114,0.04620819091796875,4,0.095,1,0.7806122448979592,3.122448979591837
23.9104652751032,0.041822690963745114,4,0.06,1,0.8532608695652174,3.4130434782608696
21.311606351841416,0.04692278861999512,4,0.065,1,0.7352941176470589,2.9411764705882355
22.893210422696804,0.04368107318878174,4,0.085,1,0.824468085106383,3.297872340425532
23.111896562307724,0.04326776027679444,4,0.07,1,0.8138297872340425,3.25531914893617
20.541288867065962,0.0486824369430542,4,0.055,1,0.6981132075471698,2.792452830188679
20.77630840328132,0.048131746053695676,4,0.08,1,0.7163461538461539,2.8653846153846154
24.784021928901545,0.040348576307296755,4,0.075,1,0.9090909090909091,3.6363636363636362
22.278534209505718,0.044886256456375125,4,0.09,1,0.7916666666666666,3.1666666666666665
23.06482657445144,0.04335605978965759,4,0.095,1,0.8369565217391305,3.347826086956522
21.188080724575798,0.047196346521377566,4,0.06,1,0.7163461538461539,2.8653846153846154
21.33582440108809,0.04686952710151673,4,0.065,1,0.7352941176470589,2.9411764705882355
22.9096419142213,0.0436497437953949,4,0.085,1,0.824468085106383,3.297872340425532
20.14515225646215,0.0496397340297699,4,0.07,1,0.6944444444444444,2.7777777777777777
20.980794035483534,0.04766263842582703,4,0.055,1,0.7115384615384616,2.8461538461538463
20.73841144157187,0.048219701051712034,4,0.08,1,0.7259615384615384,2.9038461538461537
22.736103062863425,0.04398291110992432,4,0.075,1,0.7916666666666666,3.1666666666666665
23.225806308710613,0.04305555582046509,4,0.09,1,0.8586956521739131,3.4347826086956523
20.40591894173253,0.04900538921356201,4,0.095,1,0.7259615384615384,2.9038461538461537
22.03410594558338,0.045384187698364255,4,0.06,1,0.76,3.04
21.327596486713663,0.04688760876655579,4,0.065,1,0.7352941176470589,2.9411764705882355
21.107993202349963,0.047375417947769165,4,0.085,1,0.7352941176470589,2.9411764705882355
20.92710170345687,0.04778492569923401,4,0.07,1,0.7307692307692307,2.923076923076923
20.98538346895418,0.047652214765548706,4,0.055,1,0.7307692307692307,2.923076923076923
21.64748713934921,0.04619473814964294,4,0.08,1,0.755,3.02
22.264091912504533,0.0449153733253479,4,0.075,1,0.7806122448979592,3.122448979591837
23.738421778768625,0.04212579965591431,4,0.09,1,0.8666666666666667,3.466666666666667
23.056277233562703,0.04337213635444641,4,0.095,1,0.8532608695652174,3.4130434782608696
23.9198331915014,0.04180631160736084,4,0.085,1,0.8722222222222222,3.488888888888889
21.740843668124626,0.04599637508392334,4,0.065,1,0.765,3.06
20.41943861713655,0.04897294282913208,4,0.06,1,0.6805555555555556,2.7222222222222223
23.138983271517997,0.0432171106338501,4,0.07,1,0.8138297872340425,3.25531914893617
21.39857892919252,0.046732075214385986,4,0.055,1,0.7450980392156863,2.980392156862745
22.934956387917598,0.04360156536102295,4,0.08,1,0.8297872340425532,3.3191489361702127
23.574581698131542,0.04241856813430786,4,0.075,1,0.842391304347826,3.369565217391304
23.222973973523022,0.0430608069896698,4,0.09,1,0.8586956521739131,3.4347826086956523
25.262195232862133,0.039584841728210446,4,0.095,1,0.9523809523809523,3.8095238095238093
22.90305360651627,0.04366230010986328,4,0.085,1,0.824468085106383,3.297872340425532
24.501173082429286,0.04081437230110169,4,0.06,1,0.8722222222222222,3.488888888888889
21.343743684390333,0.04685213685035706,4,0.065,1,0.7352941176470589,2.9411764705882355
24.180811858323857,0.041355104446411134,4,0.07,1,0.8777777777777778,3.511111111111111
22.726214424660174,0.0440020489692688,4,0.055,1,0.796875,3.1875
23.966060712305524,0.041725672483444214,4,0.08,1,0.8722222222222222,3.488888888888889
22.206039800938395,0.045032793283462526,4,0.075,1,0.7704081632653061,3.0816326530612246
24.840208609463705,0.04025731086730957,4,0.09,1,0.9186046511627907,3.6744186046511627
22.569764588964773,0.04430706381797791,4,0.095,1,0.8191489361702128,3.276595744680851
23.918926078139876,0.041807897090911865,4,0.085,1,0.8777777777777778,3.511111111111111
19.353027741458874,0.051671501398086545,4,0.06,1,0.6403508771929824,2.56140350877193
19.79514407545585,0.05051743984222412,4,0.065,1,0.6681818181818182,2.672727272727273
22.20561657083887,0.04503365159034729,4,0.07,1,0.7857142857142857,3.142857142857143
23.206900946608602,0.04309063076972961,4,0.055,1,0.824468085106383,3.297872340425532
21.934603743286676,0.04559006452560425,4,0.08,1,0.7908163265306123,3.163265306122449
21.80549741524286,0.045859994888305666,4,0.075,1,0.755,3.02
21.36537356945403,0.046804704666137696,4,0.09,1,0.76,3.04
20.805291958836484,0.04806469440460205,4,0.095,1,0.75,3.0
19.570414347125524,0.05109753847122192,4,0.085,1,0.6681818181818182,2.672727272727273
23.961416574654127,0.04173375964164734,4,0.06,1,0.8586956521739131,3.4347826086956523
22.67508434828157,0.044101269245147706,4,0.065,1,0.8125,3.25
21.32690406492143,0.04688913106918335,4,0.07,1,0.75,3.0
23.044012026630003,0.04339522123336792,4,0.08,1,0.824468085106383,3.297872340425532
21.400252115883305,0.04672842144966125,4,0.055,1,0.7303921568627451,2.9215686274509802
22.944130114531816,0.043584132194519044,4,0.075,1,0.8191489361702128,3.276595744680851
23.21935884725623,0.04306751132011413,4,0.09,1,0.8478260869565217,3.391304347826087
18.905089289986183,0.052895809412002566,4,0.095,1,0.6428571428571429,2.5714285714285716
23.400590836041005,0.042733963727951046,4,0.085,1,0.8532608695652174,3.4130434782608696
22.048260585874026,0.04535505175590515,4,0.06,1,0.755,3.02
24.717330752404013,0.04045744299888611,4,0.065,1,0.8920454545454546,3.5681818181818183
22.640451241041603,0.044168730974197386,4,0.07,1,0.8125,3.25
22.561385286992536,0.044323519468307496,4,0.08,1,0.796875,3.1875
20.21255425254643,0.049474202394485474,4,0.055,1,0.6898148148148148,2.759259259259259
24.220503792119523,0.04128733277320862,4,0.075,1,0.8611111111111112,3.4444444444444446
24.282325898746393,0.04118221640586853,4,0.09,1,0.8977272727272727,3.590909090909091
24.05931470397414,0.04156394362449646,4,0.095,1,0.8863636363636364,3.5454545454545454
25.621533723105905,0.03902966976165771,4,0.085,1,0.9583333333333334,3.8333333333333335
23.951773282117333,0.04175056219100952,4,0.06,1,0.842391304347826,3.369565217391304
23.13036101979521,0.04323322057723999,4,0.065,1,0.8351063829787234,3.3404255319148937
24.162588493242858,0.0413862943649292,4,0.07,1,0.8722222222222222,3.488888888888889
24.476176162358307,0.04085605502128601,4,0.08,1,0.9034090909090909,3.6136363636363638
23.197596761575884,0.04310791373252869,4,0.055,1,0.824468085106383,3.297872340425532
25.348543653733774,0.039449998140335084,4,0.075,1,0.9186046511627907,3.6744186046511627
21.80440748257015,0.045862287282943726,4,0.09,1,0.7704081632653061,3.0816326530612246
23.536140887430573,0.042487848997116086,4,0.095,1,0.8611111111111112,3.4444444444444446
23.919980518662108,0.04180605411529541,4,0.085,1,0.8722222222222222,3.488888888888889
25.645933833517123,0.038992536067962644,4,0.06,1,0.9127906976744186,3.6511627906976742
23.133951036024186,0.04322651147842407,4,0.07,1,0.824468085106383,3.297872340425532
18.144899797900628,0.05511190533638,4,0.065,1,0.5916666666666667,2.3666666666666667
22.088090652980696,0.045273265838623046,4,0.08,1,0.7806122448979592,3.122448979591837
24.238255064584433,0.04125709533691406,4,0.055,1,0.8777777777777778,3.511111111111111
24.76431033088129,0.04038069248199463,4,0.075,1,0.9034090909090909,3.6136363636363638
22.255097787059672,0.044933525323867796,4,0.09,1,0.8072916666666666,3.2291666666666665
25.830685171773307,0.03871364593505859,4,0.095,1,0.9695121951219512,3.8780487804878048
21.9738471494929,0.045508644580841064,4,0.085,1,0.7806122448979592,3.122448979591837
22.96409814726722,0.04354623436927795,4,0.06,1,0.8020833333333334,3.2083333333333335
23.623746170712845,0.04233028888702393,4,0.07,1,0.8586956521739131,3.4347826086956523
21.335140126968962,0.04687103033065796,4,0.065,1,0.7303921568627451,2.9215686274509802
24.782985119912386,0.04035026431083679,4,0.055,1,0.8977272727272727,3.590909090909091
20.007888566332376,0.04998028635978699,4,0.08,1,0.6944444444444444,2.7777777777777777
20.208016185669397,0.04948531270027161,4,0.075,1,0.6898148148148148,2.759259259259259
19.08396769428553,0.05240000486373901,4,0.09,1,0.6473214285714286,2.5892857142857144
23.403853862174852,0.0427280056476593,4,0.085,1,0.8478260869565217,3.391304347826087
17.955077716649512,0.05569455146789551,4,0.095,1,0.6101694915254238,2.440677966101695
20.049565779583094,0.049876391887664795,4,0.06,1,0.6590909090909091,2.6363636363636362
20.12833160870413,0.04968121647834778,4,0.07,1,0.6805555555555556,2.7222222222222223
24.729274166455692,0.040437903404235837,4,0.065,1,0.8977272727272727,3.590909090909091
21.652233191897643,0.0461846125125885,4,0.08,1,0.77,3.08
19.835973496538994,0.05041345715522766,4,0.055,1,0.6590909090909091,2.6363636363636362
24.241817549098695,0.04125103235244751,4,0.075,1,0.8722222222222222,3.488888888888889
23.222901968557505,0.043060940504074094,4,0.09,1,0.8478260869565217,3.391304347826087
24.460647979401823,0.040881991386413574,4,0.085,1,0.8920454545454546,3.5681818181818183
24.070656085872184,0.041544359922409055,4,0.095,1,0.9090909090909091,3.6363636363636362
27.539996417564858,0.036310825347900394,4,0.06,1,1.0,4.0
25.2677561497285,0.03957612991333008,4,0.065,1,0.9244186046511628,3.697674418604651
21.317061574220016,0.04691078066825867,4,0.07,1,0.75,3.0
23.536402392806373,0.04248737692832947,4,0.08,1,0.8532608695652174,3.4130434782608696
24.22395683111697,0.0412814474105835,4,0.055,1,0.8722222222222222,3.488888888888889
21.3901220140497,0.04675055146217346,4,0.075,1,0.7401960784313726,2.9607843137254903
22.256484795794307,0.04493072509765625,4,0.09,1,0.796875,3.1875
23.91594536531995,0.04181310772895813,4,0.085,1,0.8833333333333333,3.533333333333333
24.071779898180424,0.04154242038726807,4,0.095,1,0.9034090909090909,3.6136363636363638
22.972242051278005,0.043530796766281125,4,0.06,1,0.8072916666666666,3.2291666666666665
24.712537979000874,0.04046528935432434,4,0.07,1,0.9034090909090909,3.6136363636363638
22.18056308581508,0.045084518194198606,4,0.065,1,0.7755102040816326,3.1020408163265305
24.78884467001932,0.04034072637557983,4,0.055,1,0.8920454545454546,3.5681818181818183
23.035347166372983,0.04341154456138611,4,0.08,1,0.8297872340425532,3.3191489361702127
22.731723750555787,0.043991384506225584,4,0.075,1,0.8020833333333334,3.2083333333333335
24.83447841546433,0.040266599655151364,4,0.09,1,0.9186046511627907,3.6744186046511627
23.405816816775676,0.042724422216415404,4,0.085,1,0.842391304347826,3.369565217391304
23.540882565327948,0.04247929096221924,4,0.095,1,0.8722222222222222,3.488888888888889
22.930906951959543,0.04360926508903504,4,0.06,1,0.8125,3.25
21.285896730283742,0.04697946310043335,4,0.07,1,0.7401960784313726,2.9607843137254903
20.86030018054241,0.047937948703765866,4,0.065,1,0.7259615384615384,2.9038461538461537
23.012534475493112,0.04345457911491394,4,0.08,1,0.8351063829787234,3.3404255319148937
23.179913855336377,0.043140798807144165,4,0.055,1,0.824468085106383,3.297872340425532
26.469393731682718,0.03777948260307312,4,0.065,1,0.975609756097561,3.902439024390244
20.51617127217823,0.0487420380115509,4,0.065,1,0.7075471698113207,2.830188679245283
23.60964057997038,0.04235557913780212,4,0.065,1,0.8369565217391305,3.347826086956522
16.719682235851856,0.059809749126434324,4,0.085,0,0.8722222222222222,3.488888888888889
16.38637666470922,0.06102630376815796,4,0.095,0,0.8478260869565217,3.391304347826087
15.50478826278704,0.06449620485305786,4,0.075,-1,0.7704081632653061,3.0816326530612246
16.985939565094675,0.05887222170829773,4,0.095,-1,0.8777777777777778,3.511111111111111
14.905437380600118,0.06708961129188537,4,0.075,0,0.8191489361702128,3.276595744680851
14.476211473837102,0.0690788471698761,4,0.08,0,0.7857142857142857,3.142857142857143
15.925830044296722,0.06279107570648193,4,0.08,-1,0.8125,3.25
16.04600193812014,0.062320820093154906,4,0.085,-1,0.9186046511627907,3.6744186046511627
17.45025451747958,0.05730575442314148,4,0.085,0,0.8020833333333334,3.2083333333333335
16.675592272596035,0.05996788501739502,4,0.095,-1,0.796875,3.1875
16.11061637059153,0.062070871591567996,4,0.075,-1,0.7211538461538461,2.8846153846153846
15.886100746977053,0.06294810891151428,4,0.095,0,0.7163461538461539,2.8653846153846154
15.503502783627004,0.06450155258178711,4,0.075,0,0.7303921568627451,2.9215686274509802
15.924054220929593,0.06279807806015014,4,0.08,-1,0.6759259259259259,2.7037037037037037
16.21471645999556,0.061672370433807376,4,0.08,0,0.755,3.02
14.703143782099778,0.06801266551017761,4,0.085,-1,0.625,2.5
16.523058967878452,0.06052148103713989,4,0.085,0,0.7259615384615384,2.9038461538461537
18.259410898062605,0.05476627945899963,4,0.095,0,0.7704081632653061,3.0816326530612246
17.321749444228548,0.057730889320373534,4,0.095,-1,0.75,3.0
19.93893869261146,0.05015312075614929,4,0.075,0,0.8977272727272727,3.590909090909091
14.779259359069908,0.06766238927841187,4,0.075,-1,0.5833333333333334,2.3333333333333335
19.83100939873962,0.05042607665061951,4,0.08,0,0.8977272727272727,3.590909090909091
18.419136104124778,0.054291362762451174,4,0.08,-1,0.7755102040816326,3.1020408163265305
18.06031894476477,0.05537000775337219,4,0.085,-1,0.796875,3.1875
17.740559235035498,0.056368008852005005,4,0.085,0,0.75,3.0
19.42783341233521,0.051472543478012084,4,0.095,0,0.8478260869565217,3.391304347826087
17.977940342853135,0.055623724460601806,4,0.075,0,0.7857142857142857,3.142857142857143
16.560924038900822,0.06038310408592224,4,0.095,-1,0.6981132075471698,2.792452830188679
17.654672650889104,0.05664222836494446,4,0.075,-1,0.75,3.0
17.820812775806377,0.05611416339874267,4,0.08,0,0.765,3.06
18.143578408751335,0.05511591911315918,4,0.08,-1,0.7755102040816326,3.1020408163265305
16.930098172517468,0.059066402912139895,4,0.085,-1,0.7163461538461539,2.8653846153846154
23.404849664593865,0.04272618770599365,4,0.085,0,0.8191489361702128,3.276595744680851
21.74606030283627,0.04598534107208252,4,0.095,0,0.765,3.06
23.433012044806997,0.04267483830451965,4,0.075,0,0.8191489361702128,3.276595744680851
22.961536684445512,0.043551092147827146,4,0.08,0,0.8020833333333334,3.2083333333333335
20.16127853811042,0.04960002899169922,4,0.095,-1,0.6590909090909091,2.6363636363636362
22.860385654114733,0.043743793964385984,4,0.08,-1,0.7908163265306123,3.163265306122449
19.88181840891661,0.05029721021652222,4,0.075,-1,0.6428571428571429,2.5714285714285716
22.314628567634493,0.044813652038574216,4,0.085,-1,0.8297872340425532,3.3191489361702127
22.876212309788112,0.04371353030204773,4,0.085,0,0.8125,3.25
22.661903077192065,0.04412692070007324,4,0.095,0,0.796875,3.1875
25.144506738632057,0.03977011799812317,4,0.075,0,0.8863636363636364,3.5454545454545454
22.71488454983962,0.04402399659156799,4,0.08,0,0.7857142857142857,3.142857142857143
24.158257487624255,0.04139371395111084,4,0.08,-1,0.8297872340425532,3.3191489361702127
22.763420001007294,0.043930130004882814,4,0.095,-1,0.7857142857142857,3.142857142857143
21.86853505173288,0.04572780013084412,4,0.075,-1,0.7211538461538461,2.8846153846153846
22.99934524611971,0.04347949862480163,4,0.085,-1,0.7857142857142857,3.142857142857143
20.342782074438468,0.049157484769821166,4,0.085,0,0.6851851851851852,2.740740740740741
22.677090632015368,0.04409736752510071,4,0.095,0,0.796875,3.1875
20.93465616396088,0.04776768207550049,4,0.075,0,0.7122641509433962,2.849056603773585
24.216440720671535,0.04129426002502441,4,0.08,-1,0.8351063829787234,3.3404255319148937
21.81936033955414,0.04583085775375366,4,0.08,0,0.7303921568627451,2.9215686274509802
23.14318124057221,0.04320927143096924,4,0.075,-1,0.7704081632653061,3.0816326530612246
19.904894341335748,0.05023890018463135,4,0.095,-1,0.6428571428571429,2.5714285714285716
23.024656857157375,0.043431700468063356,4,0.085,-1,0.7755102040816326,3.1020408163265305
21.156872717266886,0.04726596474647522,4,0.085,2,0.8833333333333333,3.533333333333333
22.61975663412863,0.044209140539169314,4,0.095,0,0.796875,3.1875
20.744253222186355,0.04820612192153931,4,0.085,0,0.7028301886792453,2.811320754716981
20.957048633992013,0.047716642618179324,4,0.075,0,0.6933962264150944,2.7735849056603774
21.877185718133205,0.04570971846580505,4,0.08,-1,0.7259615384615384,2.9038461538461537
23.092570270046767,0.043303971290588376,4,0.08,0,0.7916666666666666,3.1666666666666665
23.030006461551572,0.04342161178588867,4,0.075,-1,0.7704081632653061,3.0816326530612246
20.963005351301437,0.04770308375358581,4,0.095,-1,0.7122641509433962,2.849056603773585
21.444967517498252,0.04663098692893982,4,0.085,-1,0.7307692307692307,2.923076923076923
19.736761552638818,0.050666873455047605,4,0.085,2,0.7028301886792453,2.811320754716981
23.631266282644166,0.04231681823730469,4,0.095,0,0.8586956521739131,3.4347826086956523
23.342790355418035,0.0428397798538208,4,0.085,0,0.8351063829787234,3.3404255319148937
25.261309729874146,0.03958622932434082,4,0.075,0,0.9090909090909091,3.6363636363636362
21.81696616396873,0.04583588719367981,4,0.08,0,0.75,3.0
23.164598222762333,0.04316932201385498,4,0.075,-1,0.7857142857142857,3.142857142857143
18.66959987524234,0.05356301188468933,4,0.08,-1,0.569672131147541,2.278688524590164
20.66404367945947,0.04839323878288269,4,0.095,-1,0.6805555555555556,2.7222222222222223
24.548266212679565,0.04073607444763184,4,0.085,-1,0.8478260869565217,3.391304347826087
22.747158655192603,0.04396153450012207,4,0.085,2,0.8532608695652174,3.4130434782608696
22.206463047171415,0.04503193497657776,4,0.095,0,0.7908163265306123,3.163265306122449
20.734916972662493,0.048227827548980716,4,0.085,0,0.6933962264150944,2.7735849056603774
23.15521990219699,0.043186806440353394,4,0.075,0,0.8125,3.25
24.638632414165716,0.04058666825294495,4,0.075,-1,0.842391304347826,3.369565217391304
26.48523469938154,0.037756886482238766,4,0.08,-1,0.9127906976744186,3.6511627906976742
20.60844555826586,0.04852379560470581,4,0.08,0,0.6805555555555556,2.7222222222222223
22.321871576157434,0.044799110889434814,4,0.095,-1,0.76,3.04
23.03792892056231,0.04340667963027954,4,0.085,-1,0.7857142857142857,3.142857142857143
22.64171497318347,0.044166265726089476,4,0.095,0,0.796875,3.1875
19.013832943534187,0.05259328842163086,4,0.085,2,0.6772727272727272,2.709090909090909
22.68246269778658,0.04408692359924316,4,0.075,0,0.7857142857142857,3.142857142857143
21.96891995019901,0.0455188512802124,4,0.085,0,0.77,3.08
24.64897154713448,0.0405696439743042,4,0.075,-1,0.842391304347826,3.369565217391304
21.885623969147158,0.04569209456443787,4,0.08,-1,0.7163461538461539,2.8653846153846154
23.17602974317858,0.04314802885055542,4,0.08,0,0.796875,3.1875
24.773286079677433,0.04036606192588806,4,0.095,-1,0.8611111111111112,3.4444444444444446
22.586105237106086,0.0442750084400177,4,0.085,-1,0.755,3.02
23.13250354111506,0.04322921633720398,4,0.095,0,0.8297872340425532,3.3191489361702127
24.195937119351914,0.04132925271987915,4,0.075,0,0.8478260869565217,3.391304347826087
22.43096013969293,0.04458123922348022,4,0.085,0,0.7908163265306123,3.163265306122449
20.91649132588302,0.04780916571617126,4,0.085,2,0.77,3.08
22.258534035231207,0.044926588535308835,4,0.075,-1,0.7450980392156863,2.980392156862745
26.489413086665763,0.037750930786132814,4,0.08,0,0.9464285714285714,3.7857142857142856
24.733552730895806,0.040430908203125,4,0.08,-1,0.842391304347826,3.369565217391304
24.79303029410093,0.040333915948867795,4,0.095,-1,0.8666666666666667,3.466666666666667
24.02094401194798,0.04163033723831177,4,0.085,-1,0.824468085106383,3.297872340425532
23.117344760285715,0.04325756311416626,4,0.095,0,0.8138297872340425,3.25531914893617
21.816443022288375,0.04583698630332947,4,0.075,0,0.7450980392156863,2.980392156862745
22.249912649959523,0.04494399666786194,4,0.085,2,0.8297872340425532,3.3191489361702127
21.975875182513207,0.04550444483757019,4,0.085,0,0.765,3.06
23.611700016010207,0.042351884841918944,4,0.075,-1,0.8020833333333334,3.2083333333333335
25.300822865605152,0.03952440619468689,4,0.08,-1,0.8722222222222222,3.488888888888889
23.185449923776588,0.043130497932434085,4,0.08,0,0.7916666666666666,3.1666666666666665
23.23636565593863,0.04303598999977112,4,0.095,-1,0.796875,3.1875
25.095601237660766,0.039847620725631715,4,0.085,-1,0.8666666666666667,3.466666666666667
20.513572444551283,0.04874821305274964,4,0.095,0,0.6933962264150944,2.7735849056603774
22.705538575153703,0.04404211759567261,4,0.075,0,0.7857142857142857,3.142857142857143
22.44671712726821,0.044549944400787356,4,0.085,0,0.7908163265306123,3.163265306122449
21.39984266592305,0.04672931551933288,4,0.075,-1,0.7028301886792453,2.811320754716981
20.51748648972033,0.04873891353607178,4,0.085,2,0.7401960784313726,2.9607843137254903
21.478520475832013,0.04655814170837402,4,0.08,-1,0.6981132075471698,2.792452830188679
22.253839649838877,0.04493606567382812,4,0.08,0,0.75,3.0
24.248174624615572,0.041240217685699465,4,0.095,-1,0.8478260869565217,3.391304347826087
20.53095948552381,0.048706929683685306,4,0.085,-1,0.6727272727272727,2.690909090909091
21.739403560442668,0.04599942207336426,4,0.095,0,0.77,3.08
22.68938188465855,0.04407347917556763,4,0.075,0,0.7755102040816326,3.1020408163265305
22.438380909435384,0.04456649541854858,4,0.085,0,0.7908163265306123,3.163265306122449
25.866848975470425,0.03865952134132385,4,0.08,-1,0.9034090909090909,3.6136363636363638
22.707760475178233,0.044037808179855344,4,0.075,-1,0.77,3.08
23.184158728229356,0.04313289999961853,4,0.08,0,0.8125,3.25
19.738019140161448,0.050663645267486575,4,0.085,2,0.7122641509433962,2.849056603773585
22.78254246098209,0.04389325737953186,4,0.095,-1,0.7704081632653061,3.0816326530612246
21.30689640887216,0.04693316102027893,4,0.085,-1,0.7075471698113207,2.830188679245283
20.510182917375747,0.04875626921653747,4,0.095,0,0.7028301886792453,2.811320754716981
24.440034408188623,0.04091647267341614,4,0.085,0,0.8777777777777778,3.511111111111111
23.634805053052602,0.04231048226356506,4,0.075,-1,0.7916666666666666,3.1666666666666665
22.332716370646065,0.04477735638618469,4,0.08,-1,0.7303921568627451,2.9215686274509802
18.857851821928058,0.05302830934524536,4,0.075,0,0.597457627118644,2.389830508474576
21.788192097355513,0.045896419286727906,4,0.085,2,0.8125,3.25
19.877534542591913,0.05030804991722107,4,0.08,0,0.65625,2.625
19.249459502972204,0.05194951057434082,4,0.095,-1,0.625,2.5
21.727215363933748,0.04602522611618042,4,0.085,-1,0.7163461538461539,2.8653846153846154
21.995726247523923,0.04546337723731995,4,0.085,0,0.75,3.0
21.750118225934006,0.04597676157951355,4,0.095,0,0.755,3.02
24.74419139171033,0.0404135251045227,4,0.08,-1,0.842391304347826,3.369565217391304
20.608256207013355,0.048524241447448734,4,0.075,-1,0.6681818181818182,2.672727272727273
20.60588151125866,0.04852983355522156,4,0.075,0,0.6851851851851852,2.740740740740741
23.66706297942043,0.042252813577651975,4,0.08,0,0.824468085106383,3.297872340425532
22.777284308737123,0.04390339016914368,4,0.095,-1,0.7704081632653061,3.0816326530612246
18.684657163841653,0.05351984739303589,4,0.085,2,0.6473214285714286,2.5892857142857144
23.038549614746085,0.04340551018714905,4,0.085,-1,0.7755102040816326,3.1020408163265305
21.897317793873047,0.04566769361495972,4,0.08,-1,0.7307692307692307,2.923076923076923
23.12596304673893,0.04324144244194031,4,0.075,-1,0.7755102040816326,3.1020408163265305
20.74020655036444,0.04821552753448486,4,0.085,0,0.7028301886792453,2.811320754716981
20.50784179850418,0.0487618350982666,4,0.095,0,0.7122641509433962,2.849056603773585
23.66433696476154,0.042257680892944335,4,0.075,0,0.8297872340425532,3.3191489361702127
23.66316276207176,0.04225977778434754,4,0.08,0,0.8297872340425532,3.3191489361702127
23.744580723402024,0.04211487293243408,4,0.095,-1,0.8191489361702128,3.276595744680851
21.35374346655393,0.04683019638061523,4,0.085,2,0.7704081632653061,3.0816326530612246
22.595275225413822,0.04425704002380371,4,0.085,-1,0.77,3.08
22.77424125708175,0.04390925645828247,4,0.08,-1,0.755,3.02
22.68628496846962,0.04407949566841125,4,0.075,-1,0.75,3.0
22.44096985367317,0.04456135392189026,4,0.085,0,0.7857142857142857,3.142857142857143
23.654747827589578,0.042274811267852784,4,0.075,0,0.8138297872340425,3.25531914893617
20.909983486846972,0.04782404541969299,4,0.095,0,0.7259615384615384,2.9038461538461537
20.601395331474723,0.04854040145874024,4,0.08,0,0.6805555555555556,2.7222222222222223
21.065160431035068,0.04747174859046936,4,0.095,-1,0.6933962264150944,2.7735849056603774
20.918069103922203,0.04780555963516235,4,0.085,2,0.77,3.08
25.095452586629204,0.03984785676002502,4,0.085,-1,0.8611111111111112,3.4444444444444446
24.227414353431097,0.0412755560874939,4,0.08,-1,0.8138297872340425,3.25531914893617
21.388412782459632,0.046754287481307985,4,0.075,-1,0.7028301886792453,2.811320754716981
21.401432511323275,0.046725844144821164,4,0.075,0,0.7307692307692307,2.923076923076923
20.915013906927655,0.04781254291534424,4,0.095,0,0.7163461538461539,2.8653846153846154
19.308858788515856,0.05178969979286194,4,0.085,0,0.6447368421052632,2.5789473684210527
22.31081359841808,0.04482131481170654,4,0.095,-1,0.75,3.0
19.527112657523993,0.051210848093032835,4,0.08,0,0.6271929824561403,2.508771929824561
24.31605613575608,0.0411250901222229,4,0.085,2,0.9127906976744186,3.6511627906976742
24.037087558000888,0.041602377891540525,4,0.085,-1,0.8138297872340425,3.25531914893617
21.880966829705617,0.04570181965827942,4,0.08,-1,0.7259615384615384,2.9038461538461537
22.207689376654322,0.04502944827079773,4,0.075,-1,0.7352941176470589,2.9411764705882355
21.394126197578085,0.04674180150032044,4,0.075,0,0.7211538461538461,2.8846153846153846
22.191663131901358,0.045061967372894286,4,0.095,0,0.7806122448979592,3.122448979591837
20.75302026961484,0.048185757398605346,4,0.085,0,0.6933962264150944,2.7735849056603774
23.735091662648856,0.04213171005249024,4,0.095,-1,0.824468085106383,3.297872340425532
22.697578340135575,0.0440575635433197,4,0.08,0,0.7755102040816326,3.1020408163265305
21.80331255852815,0.04586459040641785,4,0.085,2,0.8072916666666666,3.2291666666666665
22.134750382415536,0.045177830457687376,4,0.085,-1,0.75,3.0
21.08592802829593,0.04742499351501465,4,0.08,-1,0.6944444444444444,2.7777777777777777
24.160786038451114,0.04138938188552856,4,0.075,0,0.8586956521739131,3.4347826086956523
20.64237424628682,0.048444039821624756,4,0.075,-1,0.6772727272727272,2.709090909090909
21.321172842830755,0.046901735067367556,4,0.095,0,0.75,3.0
23.404698819568516,0.04272646307945251,4,0.085,0,0.8138297872340425,3.25531914893617
22.753345276436768,0.04394958138465881,4,0.095,-1,0.7857142857142857,3.142857142857143
23.17748525215583,0.04314531922340393,4,0.08,0,0.7916666666666666,3.1666666666666665
22.251180967186716,0.044941434860229494,4,0.085,2,0.8351063829787234,3.3404255319148937
24.54772025914521,0.04073698043823242,4,0.085,-1,0.842391304347826,3.369565217391304
25.796336509177117,0.038765194416046145,4,0.075,-1,0.8863636363636364,3.5454545454545454
21.901569033948157,0.04565882921218872,4,0.08,-1,0.7163461538461539,2.8653846153846154
22.241921269994833,0.04496014475822449,4,0.075,0,0.755,3.02
23.115920363324626,0.04326022863388061,4,0.095,0,0.8297872340425532,3.3191489361702127
22.468680653433374,0.04450639605522156,4,0.085,0,0.7806122448979592,3.122448979591837
22.313949516885337,0.04481501579284668,4,0.095,-1,0.76,3.04
21.406583660156887,0.046714600324630734,4,0.08,0,0.7307692307692307,2.923076923076923
19.372499372425473,0.05161956548690796,4,0.085,2,0.6805555555555556,2.7222222222222223
19.819687934838498,0.05045488119125366,4,0.085,-1,0.6447368421052632,2.5789473684210527
23.142967985839782,0.043209669589996336,4,0.075,-1,0.7755102040816326,3.1020408163265305
23.711428297730752,0.04217375636100769,4,0.08,-1,0.8020833333333334,3.2083333333333335
23.182804248866777,0.043135420083999634,4,0.075,0,0.8020833333333334,3.2083333333333335
23.911561228543295,0.04182077407836914,4,0.085,0,0.8369565217391305,3.347826086956522
22.32279465816028,0.0447972583770752,4,0.095,-1,0.77,3.08
20.137433543844043,0.0496587610244751,4,0.095,0,0.6944444444444444,2.7777777777777777
21.401526424415444,0.04672563910484314,4,0.08,0,0.7307692307692307,2.923076923076923
23.248408058143415,0.04301369786262512,4,0.085,2,0.8833333333333333,3.533333333333333
22.14059196505735,0.045165910720825195,4,0.085,-1,0.75,3.0
22.322150155925737,0.04479855179786682,4,0.08,-1,0.7303921568627451,2.9215686274509802
19.0917800845517,0.05237856268882751,4,0.075,-1,0.6059322033898306,2.4237288135593222
22.895442960730637,0.04367681384086609,4,0.085,0,0.7916666666666666,3.1666666666666665
18.840834517500717,0.05307620525360107,4,0.075,0,0.597457627118644,2.389830508474576
20.896850850121076,0.047854100465774534,4,0.095,0,0.7211538461538461,2.8846153846153846
19.486401879256157,0.051317837238311764,4,0.095,-1,0.631578947368421,2.526315789473684
22.727181103973273,0.04400017738342285,4,0.085,2,0.8586956521739131,3.4347826086956523
19.173675400311748,0.05215484142303467,4,0.08,0,0.625,2.5
22.56955326958085,0.04430747866630554,4,0.085,-1,0.75,3.0
24.133101728352027,0.04143686175346375,4,0.075,-1,0.8191489361702128,3.276595744680851
21.90591288037776,0.04564977526664734,4,0.08,-1,0.7211538461538461,2.8846153846153846
22.459079139544414,0.04452542304992676,4,0.085,0,0.7806122448979592,3.122448979591837
23.661157741606335,0.04226335883140564,4,0.075,0,0.824468085106383,3.297872340425532
22.778711193122046,0.04390064001083374,4,0.095,-1,0.7908163265306123,3.163265306122449
22.16692578174898,0.04511225461959839,4,0.095,0,0.7806122448979592,3.122448979591837
21.791859288618543,0.045888695716857913,4,0.085,2,0.8125,3.25
24.0261954765115,0.041621237993240356,4,0.085,-1,0.824468085106383,3.297872340425532
20.99541383071004,0.0476294493675232,4,0.08,0,0.7028301886792453,2.811320754716981
25.194210064537614,0.03969165921211243,4,0.075,-1,0.8611111111111112,3.4444444444444446
23.245474229418363,0.04301912665367127,4,0.08,-1,0.7908163265306123,3.163265306122449
23.411590046106717,0.042713886499404906,4,0.085,0,0.8191489361702128,3.276595744680851
22.247380579370184,0.04494911193847656,4,0.075,0,0.755,3.02
25.365530627459584,0.03942357897758484,4,0.095,-1,0.9090909090909091,3.6363636363636362
23.644334706003388,0.042293429374694824,4,0.095,0,0.8586956521739131,3.4347826086956523
26.8879619318671,0.03719136476516724,4,0.085,-1,0.9404761904761905,3.761904761904762
25.29007845476158,0.03954119801521301,4,0.08,0,0.8920454545454546,3.5681818181818183
19.016657956241914,0.0525854754447937,4,0.085,2,0.6727272727272727,2.690909090909091
22.30916706006728,0.04482462286949158,4,0.08,-1,0.7401960784313726,2.9607843137254903
19.515892970018474,0.051240289211273195,4,0.075,-1,0.625,2.5
21.99781312271648,0.045459064245224,4,0.085,0,0.765,3.06
23.750479936984814,0.042104412317276,4,0.095,-1,0.8138297872340425,3.25531914893617
21.815752536378536,0.0458384370803833,4,0.075,0,0.7450980392156863,2.980392156862745
20.91995596952741,0.0478012478351593,4,0.095,0,0.7259615384615384,2.9038461538461537
21.302081439359696,0.046943769454956055,4,0.085,-1,0.6933962264150944,2.7735849056603774
23.66320147752837,0.042259708642959595,4,0.08,0,0.8191489361702128,3.276595744680851
20.51673577641216,0.048740696907043454,4,0.085,2,0.7401960784313726,2.9607843137254903
26.394284472069664,0.037886990308761595,4,0.075,-1,0.9244186046511628,3.697674418604651
19.979520808253564,0.05005125045776367,4,0.08,-1,0.6271929824561403,2.508771929824561
21.569916395375888,0.04636086583137512,4,0.085,0,0.7352941176470589,2.9411764705882355
21.85347944543703,0.0457593035697937,4,0.095,-1,0.7303921568627451,2.9215686274509802
21.80448796269218,0.045862118005752565,4,0.075,0,0.7352941176470589,2.9411764705882355
22.204192402481482,0.045036540031433106,4,0.095,0,0.7755102040816326,3.1020408163265305
22.589780125649643,0.044267805814743044,4,0.085,-1,0.75,3.0
22.2634023439052,0.04491676449775696,4,0.08,0,0.76,3.04
23.763612591444893,0.04208114385604858,4,0.085,2,0.8920454545454546,3.5681818181818183
21.794099038842855,0.04588397979736328,4,0.075,-1,0.7259615384615384,2.9038461538461537
21.494862400700125,0.04652274489402771,4,0.08,-1,0.6933962264150944,2.7735849056603774
22.770821963564167,0.04391584992408752,4,0.095,-1,0.7704081632653061,3.0816326530612246
20.772284194073855,0.04814107060432434,4,0.085,0,0.7122641509433962,2.849056603773585
19.178388610856448,0.05214202404022217,4,0.075,0,0.6206896551724138,2.4827586206896552
24.032695390016244,0.04160998106002808,4,0.085,-1,0.8138297872340425,3.25531914893617
19.072204935405203,0.05243232250213623,4,0.095,0,0.6359649122807017,2.543859649122807
18.877182918323822,0.05297400593757629,4,0.08,0,0.597457627118644,2.389830508474576
23.24478307716232,0.043020405769348145,4,0.085,2,0.8666666666666667,3.466666666666667
25.758801660149285,0.03882168173789978,4,0.075,-1,0.8977272727272727,3.590909090909091
26.574528038530147,0.037630019187927244,4,0.095,-1,0.9404761904761905,3.761904761904762
25.29473558453833,0.039533917903900144,4,0.08,-1,0.8777777777777778,3.511111111111111
23.91349643143731,0.041817389726638794,4,0.085,0,0.8478260869565217,3.391304347826087
24.182572685878522,0.04135209321975708,4,0.075,0,0.842391304347826,3.369565217391304
23.533631127586577,0.04249238014221191,4,0.085,-1,0.7916666666666666,3.1666666666666665
24.160649647411994,0.041389615535736085,4,0.095,0,0.8611111111111112,3.4444444444444446
24.727502801687127,0.040440800189971926,4,0.08,0,0.8722222222222222,3.488888888888889
21.79726582110076,0.0458773136138916,4,0.085,2,0.8072916666666666,3.2291666666666665
25.216003847656836,0.0396573543548584,4,0.075,-1,0.8833333333333333,3.533333333333333
22.77939408270732,0.043899323940277096,4,0.095,-1,0.7755102040816326,3.1020408163265305
23.239171000170735,0.04303079485893249,4,0.08,-1,0.7806122448979592,3.122448979591837
22.918512370687335,0.04363284945487976,4,0.085,0,0.796875,3.1875
22.704869939052614,0.04404341459274292,4,0.075,0,0.7755102040816326,3.1020408163265305
23.638829153446054,0.042303279638290406,4,0.095,0,0.8532608695652174,3.4130434782608696
22.57619168112025,0.04429445028305054,4,0.085,-1,0.75,3.0
23.185627434359343,0.04313016772270203,4,0.08,0,0.8072916666666666,3.2291666666666665
20.12487554213632,0.04968974828720093,4,0.085,2,0.7307692307692307,2.923076923076923
23.649874827984863,0.04228352189064026,4,0.075,-1,0.796875,3.1875
24.240052986741496,0.04125403523445129,4,0.08,-1,0.8297872340425532,3.3191489361702127
22.322323009554847,0.04479820489883423,4,0.095,-1,0.765,3.06
23.922775303937392,0.041801170110702515,4,0.085,0,0.8478260869565217,3.391304347826087
20.97369706975584,0.04767876625061035,4,0.075,0,0.6981132075471698,2.792452830188679
21.31402302880856,0.046917468309402466,4,0.085,-1,0.7028301886792453,2.811320754716981
20.520389497100982,0.04873201847076416,4,0.095,0,0.6981132075471698,2.792452830188679
22.71610247230931,0.04402163624763489,4,0.08,0,0.7704081632653061,3.0816326530612246
22.258904355925395,0.04492584109306336,4,0.085,2,0.8191489361702128,3.276595744680851
19.21637684752942,0.0520389461517334,4,0.075,-1,0.597457627118644,2.389830508474576
21.489782641018653,0.04653374195098877,4,0.08,-1,0.6981132075471698,2.792452830188679
20.80412584264491,0.048067388534545896,4,0.095,-1,0.7028301886792453,2.811320754716981
20.76291139569793,0.04816280245780945,4,0.085,0,0.7122641509433962,2.849056603773585
20.996249908047947,0.04762755274772644,4,0.075,0,0.6981132075471698,2.792452830188679
21.32237054531569,0.04689910054206848,4,0.095,0,0.7303921568627451,2.9215686274509802
20.53697908636065,0.0486926531791687,4,0.085,-1,0.6681818181818182,2.672727272727273
18.252156722877842,0.05478804588317871,4,0.08,0,0.5778688524590164,2.3114754098360657
21.789297954663624,0.045894089937210086,4,0.085,2,0.8072916666666666,3.2291666666666665
24.074871441382466,0.04153708577156067,4,0.075,-1,0.8297872340425532,3.3191489361702127
24.735186383871703,0.040428237915039064,4,0.08,-1,0.8586956521739131,3.4347826086956523
24.22069750552982,0.04128700256347656,4,0.095,-1,0.8478260869565217,3.391304347826087
24.98065762324007,0.04003097176551819,4,0.085,0,0.8920454545454546,3.5681818181818183
25.280907240321245,0.03955554246902466,4,0.075,0,0.8920454545454546,3.5681818181818183
25.643525439388668,0.03899619817733765,4,0.085,-1,0.9034090909090909,3.6136363636363638
23.13233896303542,0.043229523897171024,4,0.095,0,0.8191489361702128,3.276595744680851
23.172633412885652,0.04315435290336609,4,0.08,0,0.7916666666666666,3.1666666666666665
21.355996272085612,0.04682525634765625,4,0.085,2,0.7857142857142857,3.142857142857143
24.11973100570838,0.04145983219146729,4,0.075,-1,0.824468085106383,3.297872340425532
22.771451837608208,0.043914635181427,4,0.08,-1,0.77,3.08
23.71776905255087,0.04216248154640198,4,0.095,-1,0.824468085106383,3.297872340425532
22.452833329880537,0.04453780889511108,4,0.085,0,0.7806122448979592,3.122448979591837
22.242597713176984,0.04495877742767334,4,0.075,0,0.77,3.08
24.034327976207855,0.041607154607772825,4,0.085,-1,0.8138297872340425,3.25531914893617
24.172359832230395,0.04136956453323364,4,0.095,0,0.8666666666666667,3.466666666666667
21.39757787179423,0.04673426151275635,4,0.08,0,0.7163461538461539,2.8653846153846154
24.318848365083298,0.0411203682422638,4,0.085,2,0.9186046511627907,3.6744186046511627
24.600347377007985,0.040649832487106324,4,0.075,-1,0.8478260869565217,3.391304347826087
23.71824115806748,0.04216164231300354,4,0.08,-1,0.8020833333333334,3.2083333333333335
24.255543528258436,0.041227688789367674,4,0.095,-1,0.8478260869565217,3.391304347826087
22.431290034062712,0.04458058357238769,4,0.085,0,0.7806122448979592,3.122448979591837
23.110401527622365,0.04327055931091309,4,0.075,0,0.8020833333333334,3.2083333333333335
23.62783971233134,0.04232295513153076,4,0.095,0,0.8478260869565217,3.391304347826087
22.077820254879278,0.04529432654380798,4,0.085,-1,0.7450980392156863,2.980392156862745
24.162180655607134,0.04138699293136597,4,0.08,0,0.8369565217391305,3.347826086956522
19.335095631371082,0.05171942353248596,4,0.085,2,0.6898148148148148,2.759259259259259
23.77550430997564,0.042060096263885495,4,0.085,2,0.9034090909090909,3.6136363636363638
23.779467266284595,0.04205308675765991,4,0.085,2,0.8977272727272727,3.590909090909091
21.358406713162392,0.046819971799850466,4,0.085,2,0.7755102040816326,3.1020408163265305
17.732105484598453,0.05639488220214844,4,0.085,2,0.597457627118644,2.389830508474576
24.32511823708219,0.04110976934432983,4,0.085,2,0.936046511627907,3.744186046511628
21.785163166524956,0.045902800559997556,4,0.085,2,0.8125,3.25
19.361802491014945,0.051648083925247196,4,0.085,2,0.6805555555555556,2.7222222222222223
